1755158706481,0.184230,0.492867,1.458274,1.550297,0.000000,-0.009000,0.462280
1755158706503,0.197166,0.499447,1.453954,1.549936,0.000000,0.003936,0.486328
1755158706530,0.200288,0.511250,1.445924,1.546670,0.000000,0.007058,0.601318
1755158706555,0.211080,0.524815,1.436245,1.543627,0.000000,0.017850,0.653076
1755158706582,0.219918,0.536126,1.427806,1.540917,0.000000,0.026688,0.664795
1755158706608,0.239191,0.546316,1.419333,1.539539,0.000000,0.045961,0.681641
1755158706633,0.253331,0.552440,1.413719,1.538820,0.000000,0.060101,0.726807
1755158706654,0.261785,0.559444,1.407590,1.537146,0.000000,0.068555,0.784668
1755158706678,0.279408,0.566841,1.399982,1.536010,0.000000,0.086178,0.710693
1755158706709,0.299241,0.577691,1.388679,1.533526,0.000000,0.106011,0.648438
1755158706730,0.309951,0.592590,1.374521,1.528575,0.000000,0.116721,0.653564
1755158706759,0.323942,0.609393,1.357341,1.522719,0.000000,0.130712,0.580566
1755158706784,0.337355,0.623974,1.341308,1.517319,0.000000,0.144125,0.570557
1755158706805,0.387435,0.626087,1.327385,1.517907,0.000000,0.194205,0.512329
1755158706834,0.404934,0.636728,1.311794,1.513340,0.000000,0.211704,0.478027
1755158706855,0.377053,0.630444,1.325937,1.515829,0.000000,0.183823,0.428467
1755158706883,0.399542,0.652034,1.297731,1.506283,0.000000,0.206312,0.550781
1755158706907,0.409406,0.662391,1.283555,1.501296,0.000000,0.216176,0.657471
1755158706935,0.415176,0.670238,1.272983,1.497356,0.000000,0.221946,0.770752
1755158706955,0.430712,0.678359,1.258210,1.492909,0.000000,0.237482,0.812744
1755158706979,0.447381,0.683569,1.245598,1.489608,0.000000,0.254151,0.771484
1755158707008,0.462118,0.696483,1.223558,1.481802,0.000000,0.268888,0.785645
1755158707030,0.479729,0.706186,1.202838,1.475011,0.000000,0.286499,0.784424
1755158707060,0.490568,0.715066,1.185392,1.468717,0.000000,0.297338,0.818604
1755158707085,0.503140,0.725362,1.164004,1.460892,0.000000,0.309910,0.797363
1755158707108,0.515014,0.734350,1.143650,1.453425,0.000000,0.321783,0.798096
1755158707134,0.522949,0.743438,1.124472,1.445896,0.000000,0.329719,0.814209
1755158707154,0.535039,0.748180,1.108557,1.440465,0.000000,0.341809,0.835693
1755158707184,0.540998,0.756653,1.089877,1.432841,0.000000,0.347768,0.794189
1755158707209,0.547577,0.762494,1.074488,1.426801,0.000000,0.354347,0.810059
1755158707238,0.552577,0.767047,1.062103,1.421888,0.000000,0.359347,0.718506
1755158707255,0.557196,0.773280,1.046302,1.415337,0.000000,0.363966,0.748779
1755158707280,0.563034,0.777966,1.031803,1.409559,0.000000,0.369804,0.747803
1755158707306,0.567333,0.785310,1.012407,1.401266,0.000000,0.374103,0.762695
1755158707337,0.567661,0.794754,0.991009,1.391392,0.000000,0.374431,0.775879
1755158707358,0.573570,0.798472,0.976050,1.385357,0.000000,0.380340,0.772217
1755158707387,0.581635,0.800137,0.963014,1.380549,0.000000,0.388405,0.769775
1755158707405,0.589408,0.802597,0.947511,1.374533,0.000000,0.396178,0.771484
1755158707433,0.592460,0.805188,0.936743,1.369972,0.000000,0.399230,0.712891
1755158707457,0.597304,0.805078,0.930796,1.367956,0.000000,0.404074,0.685791
1755158707482,0.599587,0.806442,0.923907,1.365085,0.000000,0.406357,0.673828
1755158707513,0.598274,0.808408,0.920016,1.363042,0.000000,0.405044,0.697266
1755158707537,0.600154,0.808447,0.917324,1.362077,0.000000,0.406924,0.620850
1755158707556,0.602880,0.808106,0.914534,1.361203,0.000000,0.409650,0.627197
1755158707595,0.603524,0.809251,0.910209,1.359268,0.000000,0.410294,0.609131
1755158707613,0.602761,0.811063,0.905807,1.357067,0.000000,0.409531,0.619141
1755158707638,0.599642,0.814764,0.898861,1.353278,0.000000,0.406412,0.650146
1755158707661,0.593461,0.820062,0.891024,1.348562,0.000000,0.400231,0.601074
1755158707684,0.589829,0.822989,0.886812,1.345974,0.000000,0.396599,0.687500
1755158707708,0.588516,0.824893,0.882403,1.343665,0.000000,0.395286,0.716553
1755158707735,0.587093,0.827449,0.875805,1.340292,0.000000,0.393863,0.715576
1755158707762,0.583933,0.830704,0.869238,1.336645,0.000000,0.390703,0.723877
1755158707786,0.581680,0.832739,0.865443,1.334465,0.000000,0.388450,0.725098
1755158707813,0.579477,0.834487,0.862535,1.332715,0.000000,0.386247,0.718018
1755158707834,0.577015,0.836617,0.858539,1.330400,0.000000,0.383785,0.699219
1755158707858,0.573973,0.838593,0.855968,1.328670,0.000000,0.380743,0.700439
1755158707885,0.571705,0.840773,0.851244,1.326033,0.000000,0.378475,0.740234
1755158707916,0.570663,0.841803,0.848914,1.324742,0.000000,0.377433,0.738525
1755158707936,0.572926,0.840913,0.848659,1.324991,0.000000,0.379696,0.698486
1755158707961,0.571709,0.842033,0.846240,1.323629,0.000000,0.378479,0.724854
1755158707987,0.572551,0.841621,0.846468,1.323876,0.000000,0.379321,0.674805
1755158708014,0.571484,0.842256,0.845723,1.323343,0.000000,0.378254,0.674316
1755158708034,0.571371,0.842628,0.844415,1.322695,0.000000,0.378141,0.680176
1755158708058,0.570605,0.842852,0.844811,1.322760,0.000000,0.377375,0.684570
1755158708084,0.569059,0.843867,0.843318,1.321789,0.000000,0.375829,0.664307
1755158708112,0.569934,0.843421,0.843646,1.322090,0.000000,0.376704,0.682861
1755158708136,0.567162,0.844863,0.842477,1.321072,0.000000,0.373932,0.714600
1755158708158,0.567413,0.845030,0.841359,1.320575,0.000000,0.374183,0.682373
1755158708184,0.566335,0.845535,0.841123,1.320285,0.000000,0.373105,0.697510
1755158708211,0.566665,0.845297,0.841539,1.320540,0.000000,0.373435,0.703369
1755158708235,0.564314,0.846468,0.840711,1.319755,0.000000,0.371084,0.722656
1755158708264,0.563690,0.846878,0.840074,1.319346,0.000000,0.370460,0.723389
1755158708285,0.566293,0.845274,0.842268,1.320829,0.000000,0.373063,0.670654
1755158708313,0.564627,0.846085,0.841760,1.320312,0.000000,0.371397,0.724609
1755158708334,0.565136,0.845635,0.842746,1.320871,0.000000,0.371906,0.705078
1755158708362,0.564093,0.846379,0.841455,1.320077,0.000000,0.370863,0.714111
1755158708384,0.563155,0.847168,0.839780,1.319116,0.000000,0.369925,0.693359
1755158708411,0.563890,0.846710,0.840433,1.319552,0.000000,0.370660,0.700684
1755158708439,0.563607,0.846973,0.839821,1.319210,0.000000,0.370377,0.724609
1755158708461,0.564161,0.846630,0.840303,1.319533,0.000000,0.370931,0.722412
1755158708484,0.565441,0.845773,0.841665,1.320399,0.000000,0.372211,0.683594
1755158708509,0.566614,0.845268,0.841743,1.320630,0.000000,0.373384,0.659424
1755158708536,0.561188,0.847906,0.840051,1.318925,0.000000,0.367958,0.714111
1755158708564,0.566316,0.845116,0.842874,1.321125,0.000000,0.373086,0.697510
1755158708589,0.563268,0.846457,0.842527,1.320459,0.000000,0.370038,0.707764
1755158708609,0.566237,0.845120,0.842991,1.321169,0.000000,0.373007,0.668213
1755158708638,0.566148,0.844981,0.843712,1.321501,0.000000,0.372917,0.665527
1755158708662,0.562293,0.847366,0.840422,1.319285,0.000000,0.369063,0.720215
1755158708685,0.565949,0.845047,0.843776,1.321499,0.000000,0.372719,0.693604
1755158708713,0.565917,0.845017,0.843951,1.321579,0.000000,0.372687,0.677979
1755158708739,0.566187,0.844794,0.844404,1.321841,0.000000,0.372957,0.666992
1755158708762,0.565689,0.845183,0.843658,1.321400,0.000000,0.372459,0.694824
1755158708786,0.567234,0.844561,0.843585,1.321618,0.000000,0.374004,0.689697
1755158708822,0.566509,0.844685,0.844303,1.321845,0.000000,0.373279,0.672852
1755158708838,0.564852,0.845698,0.842968,1.320930,0.000000,0.371622,0.694092
1755158708884,0.565825,0.845110,0.843729,1.321456,0.000000,0.372595,0.680420
1755158708896,0.564383,0.845881,0.843010,1.320874,0.000000,0.371153,0.685791
1755158708916,0.561949,0.847241,0.841520,1.319758,0.000000,0.368719,0.726562
1755158708939,0.562589,0.846872,0.841963,1.320076,0.000000,0.369359,0.714355
1755158708962,0.565139,0.845684,0.842541,1.320772,0.000000,0.371909,0.689697
1755158708988,0.565544,0.845685,0.841848,1.320505,0.000000,0.372314,0.694336
1755158709014,0.565489,0.845113,0.844280,1.321667,0.000000,0.372259,0.683594
1755158709042,0.565696,0.845050,0.844191,1.321658,0.000000,0.372466,0.700439
1755158709072,0.565552,0.845515,0.842535,1.320837,0.000000,0.372322,0.695312
1755158709087,0.565570,0.845037,0.844455,1.321764,0.000000,0.372340,0.698486
1755158709112,0.564936,0.845897,0.842010,1.320483,0.000000,0.371706,0.687256
1755158709140,0.564637,0.846059,0.841851,1.320357,0.000000,0.371407,0.679932
1755158709167,0.564576,0.845749,0.843224,1.321009,0.000000,0.371346,0.678711
1755158709193,0.563153,0.846728,0.841605,1.319996,0.000000,0.369923,0.717285
1755158709210,0.565117,0.846049,0.841077,1.320063,0.000000,0.371887,0.683105
1755158709237,0.564449,0.846216,0.841522,1.320168,0.000000,0.371219,0.700684
1755158709262,0.565594,0.845528,0.842412,1.320785,0.000000,0.372364,0.699463
1755158709287,0.565294,0.845546,0.842841,1.320942,0.000000,0.372064,0.695312
1755158709312,0.564456,0.845929,0.842690,1.320732,0.000000,0.371226,0.690674
1755158709343,0.563804,0.845845,0.844127,1.321317,0.000000,0.370574,0.697510
1755158709363,0.563990,0.845890,0.843634,1.321110,0.000000,0.370760,0.681396
1755158709388,0.564641,0.845717,0.843244,1.321029,0.000000,0.371411,0.687500
1755158709419,0.565543,0.845468,0.842744,1.320936,0.000000,0.372313,0.685059
1755158709437,0.565265,0.845464,0.843229,1.321124,0.000000,0.372035,0.690674
1755158709465,0.565877,0.845220,0.843194,1.321207,0.000000,0.372647,0.684814
1755158709491,0.565790,0.845368,0.842734,1.320972,0.000000,0.372560,0.684814
1755158709512,0.563304,0.846800,0.841052,1.319754,0.000000,0.370074,0.692627
1755158709537,0.565058,0.845314,0.844188,1.321552,0.000000,0.371828,0.696533
1755158709562,0.564904,0.845588,0.843331,1.321114,0.000000,0.371674,0.687256
1755158709589,0.565768,0.845108,0.843834,1.321498,0.000000,0.372538,0.692627
1755158709617,0.565494,0.845434,0.842965,1.321035,0.000000,0.372264,0.685547
1755158709642,0.565806,0.844754,0.845205,1.322164,0.000000,0.372576,0.675049
1755158709667,0.565660,0.845296,0.843246,1.321197,0.000000,0.372430,0.677246
1755158709690,0.564924,0.845419,0.843986,1.321433,0.000000,0.371694,0.677979
1755158709714,0.566408,0.845033,0.843060,1.321230,0.000000,0.373178,0.677979
1755158709744,0.566272,0.845011,0.843379,1.321361,0.000000,0.373042,0.674561
1755158709765,0.566211,0.844866,0.844072,1.321685,0.000000,0.372981,0.691162
1755158709791,0.566350,0.845003,0.843280,1.321326,0.000000,0.373120,0.681152
1755158709814,0.564508,0.845794,0.843154,1.320964,0.000000,0.371278,0.677490
1755158709838,0.563667,0.845956,0.843904,1.321187,0.000000,0.370437,0.671875
1755158709865,0.564546,0.845482,0.844362,1.321552,0.000000,0.371316,0.673828
1755158709890,0.566010,0.845006,0.843841,1.321541,0.000000,0.372780,0.680420
1755158709917,0.564966,0.845990,0.841576,1.320279,0.000000,0.371736,0.681641
1755158709943,0.563968,0.846262,0.842145,1.320390,0.000000,0.370738,0.697754
1755158709964,0.563990,0.846132,0.842646,1.320634,0.000000,0.370760,0.674805
1755158709988,0.563695,0.846328,0.842335,1.320436,0.000000,0.370465,0.672607
1755158710019,0.563480,0.846474,0.842099,1.320287,0.000000,0.370250,0.690430
1755158710040,0.565230,0.845643,0.842553,1.320793,0.000000,0.372000,0.670898
1755158710069,0.564418,0.846098,0.842059,1.320422,0.000000,0.371188,0.680176
1755158710090,0.563178,0.846499,0.842503,1.320433,0.000000,0.369948,0.677734
1755158710113,0.562844,0.847007,0.840977,1.319642,0.000000,0.369614,0.693604
1755158710139,0.564353,0.845899,0.842985,1.320857,0.000000,0.371123,0.680420
1755158710165,0.564526,0.845486,0.844380,1.321557,0.000000,0.371296,0.688721
1755158710190,0.565051,0.845425,0.843747,1.321338,0.000000,0.371821,0.686768
1755158710218,0.563976,0.846310,0.841935,1.320290,0.000000,0.370746,0.678711
1755158710242,0.564294,0.846113,0.842210,1.320474,0.000000,0.371064,0.684570
1755158710266,0.565556,0.845375,0.843103,1.321111,0.000000,0.372326,0.687500
1755158710291,0.564993,0.845963,0.841643,1.320316,0.000000,0.371763,0.689209
1755158710316,0.565741,0.845344,0.842915,1.321051,0.000000,0.372511,0.681885
1755158710341,0.564243,0.845830,0.843456,1.321066,0.000000,0.371012,0.682129
1755158710367,0.565753,0.845404,0.842649,1.320925,0.000000,0.372523,0.680908
1755158710391,0.565050,0.845469,0.843570,1.321253,0.000000,0.371820,0.682861
1755158710415,0.561610,0.847286,0.841904,1.319887,0.000000,0.368380,0.691406
1755158710438,0.564674,0.845518,0.844003,1.321400,0.000000,0.371444,0.679443
1755158710465,0.565215,0.845319,0.843906,1.321442,0.000000,0.371985,0.683350
1755158710490,0.565394,0.845466,0.843002,1.321036,0.000000,0.372164,0.674805
1755158710520,0.564854,0.845383,0.844249,1.321548,0.000000,0.371624,0.687744
1755158710544,0.564793,0.845622,0.843376,1.321118,0.000000,0.371563,0.691895
1755158710566,0.564841,0.845872,0.842271,1.320593,0.000000,0.371611,0.692383
1755158710591,0.562135,0.847094,0.841811,1.319928,0.000000,0.368905,0.689697
1755158710620,0.563623,0.846298,0.842579,1.320542,0.000000,0.370393,0.677490
1755158710644,0.564141,0.846146,0.842333,1.320508,0.000000,0.370911,0.672852
1755158710671,0.564319,0.845873,0.843151,1.320931,0.000000,0.371089,0.688721
1755158710691,0.564535,0.845778,0.843174,1.320978,0.000000,0.371305,0.685547
1755158710719,0.564208,0.845720,0.843958,1.321302,0.000000,0.370978,0.686279
1755158710743,0.564290,0.845645,0.844126,1.321396,0.000000,0.371060,0.699219
1755158710765,0.565222,0.845393,0.843592,1.321292,0.000000,0.371992,0.692383
1755158710792,0.564555,0.845521,0.844189,1.321470,0.000000,0.371325,0.679199
1755158710818,0.562960,0.846517,0.842797,1.320539,0.000000,0.369730,0.697754
1755158710846,0.564325,0.845545,0.844475,1.321570,0.000000,0.371095,0.679688
1755158710866,0.564645,0.845378,0.844619,1.321692,0.000000,0.371415,0.699219
1755158710894,0.564138,0.845667,0.844291,1.321451,0.000000,0.370908,0.684326
1755158710917,0.564817,0.845921,0.842113,1.320513,0.000000,0.371587,0.684814
1755158710941,0.566172,0.845135,0.843041,1.321182,0.000000,0.372942,0.686035
1755158710969,0.565409,0.845273,0.843763,1.321405,0.000000,0.372179,0.693604
1755158710994,0.564531,0.845515,0.844252,1.321497,0.000000,0.371301,0.677490
1755158711018,0.564093,0.845985,0.843071,1.320856,0.000000,0.370863,0.687988
1755158711040,0.564685,0.845886,0.842482,1.320669,0.000000,0.371454,0.689697
1755158711067,0.564104,0.845730,0.844093,1.321350,0.000000,0.370874,0.684814
1755158711091,0.564007,0.845819,0.843892,1.321237,0.000000,0.370777,0.683594
1755158711120,0.564780,0.845477,0.843990,1.321411,0.000000,0.371550,0.684814
1755158711144,0.564828,0.845640,0.843246,1.321061,0.000000,0.371598,0.693359
1755158711169,0.565875,0.845301,0.842865,1.321048,0.000000,0.372644,0.690674
1755158711192,0.565313,0.845526,0.842895,1.320971,0.000000,0.372083,0.699219
1755158711218,0.565826,0.844979,0.844261,1.321713,0.000000,0.372596,0.677246
1755158711242,0.563516,0.846186,0.843220,1.320833,0.000000,0.370286,0.689209
1755158711274,0.564089,0.846067,0.842741,1.320696,0.000000,0.370859,0.684326
1755158711302,0.564510,0.845798,0.843137,1.320956,0.000000,0.371280,0.697510
1755158711318,0.563731,0.845938,0.843870,1.321182,0.000000,0.370501,0.678223
1755158711341,0.564773,0.845758,0.842855,1.320863,0.000000,0.371543,0.690186
1755158711369,0.565627,0.844905,0.844892,1.321984,0.000000,0.372397,0.681885
1755158711397,0.565466,0.845393,0.843177,1.321132,0.000000,0.372236,0.674805
1755158711421,0.564414,0.845928,0.842763,1.320760,0.000000,0.371184,0.680420
1755158711446,0.563650,0.845983,0.843825,1.321146,0.000000,0.370420,0.679199
1755158711467,0.563482,0.846622,0.841487,1.319993,0.000000,0.370252,0.683350
1755158711493,0.564704,0.845835,0.842654,1.320755,0.000000,0.371474,0.675293
1755158711519,0.564819,0.845501,0.843826,1.321339,0.000000,0.371589,0.682373
1755158711544,0.565089,0.845015,0.845348,1.322115,0.000000,0.371859,0.681152
1755158711569,0.563460,0.846240,0.843091,1.320762,0.000000,0.370230,0.678955
1755158711595,0.563971,0.846179,0.842483,1.320553,0.000000,0.370741,0.697021
1755158711621,0.564893,0.845578,0.843389,1.321140,0.000000,0.371663,0.695557
1755158711643,0.565563,0.845042,0.844445,1.321758,0.000000,0.372333,0.690186
1755158711668,0.565058,0.845396,0.843855,1.321391,0.000000,0.371828,0.683105
1755158711694,0.563984,0.845815,0.843946,1.321259,0.000000,0.370754,0.675781
1755158711721,0.564540,0.845752,0.843271,1.321026,0.000000,0.371310,0.678223
1755158711744,0.563911,0.846298,0.842094,1.320355,0.000000,0.370681,0.690430
1755158711772,0.564954,0.845787,0.842431,1.320689,0.000000,0.371724,0.680176
1755158711793,0.565924,0.844981,0.844087,1.321645,0.000000,0.372694,0.694336
1755158711820,0.565551,0.845246,0.843635,1.321367,0.000000,0.372321,0.685547
1755158711846,0.564129,0.846396,0.841323,1.320020,0.000000,0.370899,0.692871
1755158711871,0.564912,0.845760,0.842611,1.320769,0.000000,0.371682,0.671631
1755158711901,0.564952,0.845743,0.842616,1.320778,0.000000,0.371722,0.680908
1755158711923,0.565426,0.845397,0.843232,1.321152,0.000000,0.372196,0.674805
1755158711944,0.563858,0.846218,0.842512,1.320548,0.000000,0.370628,0.689941
1755158711969,0.563856,0.846228,0.842477,1.320531,0.000000,0.370626,0.675049
1755158711994,0.564048,0.845695,0.844331,1.321455,0.000000,0.370818,0.688965
1755158712024,0.564775,0.845248,0.844928,1.321862,0.000000,0.371545,0.679199
1755158712046,0.564131,0.846078,0.842627,1.320648,0.000000,0.370901,0.688965
1755158712069,0.564473,0.845627,0.843894,1.321315,0.000000,0.371243,0.676025
1755158712093,0.565288,0.845316,0.843793,1.321399,0.000000,0.372058,0.683594
1755158712119,0.565568,0.845219,0.843717,1.321409,0.000000,0.372338,0.701904
1755158712144,0.565116,0.845550,0.843130,1.321052,0.000000,0.371886,0.682861
1755158712176,0.565100,0.845114,0.844930,1.321916,0.000000,0.371870,0.679443
1755158712198,0.564645,0.845712,0.843257,1.321036,0.000000,0.371415,0.668945
1755158712222,0.564172,0.845664,0.844249,1.321436,0.000000,0.370942,0.679932
1755158712244,0.564709,0.845405,0.844401,1.321598,0.000000,0.371479,0.671387
1755158712270,0.566046,0.845131,0.843271,1.321272,0.000000,0.372816,0.670898
1755158712296,0.565427,0.845339,0.843467,1.321265,0.000000,0.372197,0.678711
1755158712323,0.566074,0.844738,0.844820,1.322023,0.000000,0.372844,0.687256
1755158712347,0.564332,0.845722,0.843744,1.321219,0.000000,0.371102,0.681641
1755158712370,0.564749,0.845758,0.842898,1.320880,0.000000,0.371519,0.673340
1755158712397,0.563685,0.846152,0.843073,1.320790,0.000000,0.370455,0.696289
1755158712419,0.564739,0.845736,0.843001,1.320928,0.000000,0.371509,0.683350
1755158712447,0.564346,0.845696,0.843826,1.321261,0.000000,0.371116,0.686279
1755158712472,0.564268,0.845688,0.843991,1.321327,0.000000,0.371038,0.680908
1755158712495,0.564900,0.845422,0.844014,1.321442,0.000000,0.371670,0.678711
1755158712525,0.565384,0.845471,0.842998,1.321032,0.000000,0.372154,0.679199
1755158712546,0.565883,0.845162,0.843418,1.321316,0.000000,0.372653,0.676025
1755158712570,0.565018,0.845377,0.843997,1.321453,0.000000,0.371788,0.684570
1755158712597,0.564650,0.845487,0.844168,1.321476,0.000000,0.371420,0.681885
1755158712623,0.564137,0.846181,0.842196,1.320442,0.000000,0.370907,0.672119
1755158712652,0.565029,0.845548,0.843283,1.321111,0.000000,0.371799,0.679199
1755158712673,0.560066,0.847965,0.841694,1.319533,0.000000,0.366836,0.692383
1755158712695,0.564692,0.845766,0.842957,1.320899,0.000000,0.371462,0.674072
1755158712720,0.564932,0.845662,0.842982,1.320951,0.000000,0.371702,0.685547
1755158712746,0.563856,0.846180,0.842673,1.320625,0.000000,0.370626,0.684570
1755158712777,0.564594,0.845782,0.843061,1.320933,0.000000,0.371364,0.688232
1755158712798,0.566120,0.845313,0.842402,1.320866,0.000000,0.372890,0.686768
1755158712824,0.563655,0.846311,0.842475,1.320497,0.000000,0.370425,0.680664
1755158712846,0.563957,0.845934,0.843510,1.321045,0.000000,0.370727,0.684326
1755158712871,0.563972,0.845726,0.844329,1.321442,0.000000,0.370742,0.671875
1755158712896,0.563605,0.846075,0.843524,1.320994,0.000000,0.370375,0.671143
1755158712923,0.564726,0.845283,0.844869,1.321825,0.000000,0.371496,0.688232
1755158712947,0.563664,0.846013,0.843675,1.321077,0.000000,0.370434,0.679932
1755158712974,0.563498,0.846000,0.844008,1.321210,0.000000,0.370268,0.671387
1755158712997,0.563779,0.846050,0.843332,1.320930,0.000000,0.370549,0.684326
1755158713027,0.563919,0.845900,0.843711,1.321136,0.000000,0.370689,0.676270
1755158713048,0.563673,0.846076,0.843405,1.320948,0.000000,0.370443,0.670654
1755158713074,0.563770,0.845933,0.843826,1.321167,0.000000,0.370540,0.660889
1755158713101,0.564352,0.845587,0.844259,1.321470,0.000000,0.371122,0.685303
1755158713125,0.564870,0.845280,0.844641,1.321739,0.000000,0.371640,0.671875
1755158713148,0.564332,0.845469,0.844775,1.321716,0.000000,0.371102,0.670898
1755158713171,0.564224,0.845506,0.844802,1.321711,0.000000,0.370994,0.679688
1755158713198,0.564287,0.845217,0.845867,1.322234,0.000000,0.371057,0.664551
1755158713229,0.564008,0.845653,0.844569,1.321563,0.000000,0.370778,0.675781
1755158713247,0.564550,0.845576,0.843973,1.321365,0.000000,0.371320,0.671875
1755158713274,0.563733,0.845549,0.845445,1.321940,0.000000,0.370503,0.675781
1755158713298,0.565223,0.844921,0.845504,1.322213,0.000000,0.371993,0.669678
1755158713321,0.564482,0.845937,0.842614,1.320699,0.000000,0.371252,0.680664
1755158713347,0.564282,0.846018,0.842620,1.320670,0.000000,0.371052,0.684326
1755158713378,0.564682,0.845833,0.842700,1.320774,0.000000,0.371452,0.681152
1755158713402,0.564257,0.846016,0.842668,1.320689,0.000000,0.371027,0.678467
1755158713426,0.564862,0.845227,0.844869,1.321848,0.000000,0.371632,0.670898
1755158713447,0.564508,0.846037,0.842160,1.320485,0.000000,0.371278,0.681152
1755158713473,0.564794,0.845387,0.844334,1.321579,0.000000,0.371564,0.675049
1755158713500,0.564107,0.845822,0.843714,1.321168,0.000000,0.370877,0.679443
1755158713527,0.563665,0.845574,0.845459,1.321936,0.000000,0.370435,0.686279
1755158713552,0.563971,0.845989,0.843258,1.320926,0.000000,0.370741,0.681152
1755158713578,0.563707,0.845816,0.844406,1.321436,0.000000,0.370477,0.663086
1755158713600,0.564575,0.845300,0.845052,1.321889,0.000000,0.371345,0.667725
1755158713624,0.563579,0.846169,0.843184,1.320826,0.000000,0.370349,0.665771
1755158713651,0.563336,0.846074,0.843978,1.321169,0.000000,0.370106,0.673584
1755158713679,0.563827,0.845956,0.843637,1.321085,0.000000,0.370596,0.683594
1755158713706,0.564241,0.845569,0.844518,1.321577,0.000000,0.371011,0.683838
1755158713725,0.564574,0.845493,0.844272,1.321513,0.000000,0.371344,0.665527
1755158713748,0.565132,0.845046,0.845151,1.322028,0.000000,0.371902,0.672852
1755158713774,0.564858,0.845282,0.844652,1.321743,0.000000,0.371628,0.682861
1755158713798,0.563956,0.846006,0.843218,1.320904,0.000000,0.370726,0.680176
1755158713827,0.564468,0.845875,0.842891,1.320830,0.000000,0.371238,0.678467
1755158713851,0.564717,0.845670,0.843309,1.321073,0.000000,0.371487,0.681641
1755158713899,0.565830,0.845107,0.843733,1.321459,0.000000,0.372600,0.670898
1755158713911,0.564522,0.845570,0.844045,1.321395,0.000000,0.371292,0.679932
1755158713923,0.564262,0.845527,0.844656,1.321647,0.000000,0.371032,0.681396
1755158713953,0.563677,0.845885,0.844176,1.321320,0.000000,0.370447,0.669434
1755158713979,0.565198,0.845067,0.844956,1.321944,0.000000,0.371968,0.676758
1755158714001,0.565198,0.845460,0.843358,1.321175,0.000000,0.371968,0.687256
1755158714029,0.564634,0.845223,0.845264,1.322001,0.000000,0.371404,0.679443
1755158714049,0.564304,0.846014,0.842599,1.320663,0.000000,0.371074,0.673584
1755158714075,0.564140,0.845998,0.842941,1.320801,0.000000,0.370910,0.683838
1755158714100,0.564442,0.845892,0.842865,1.320814,0.000000,0.371212,0.674805
1755158714131,0.564822,0.845569,0.843544,1.321203,0.000000,0.371592,0.673340
1755158714152,0.563791,0.846028,0.843401,1.320966,0.000000,0.370561,0.683350
1755158714175,0.563514,0.846492,0.841966,1.320229,0.000000,0.370284,0.683838
1755158714199,0.563676,0.846035,0.843567,1.321027,0.000000,0.370446,0.666504
1755158714225,0.564244,0.845785,0.843634,1.321152,0.000000,0.371014,0.683350
1755158714251,0.565069,0.845809,0.842145,1.320570,0.000000,0.371839,0.686768
1755158714280,0.564171,0.845993,0.842908,1.320790,0.000000,0.370941,0.676025
1755158714309,0.565582,0.845218,0.843697,1.321401,0.000000,0.372352,0.676514
1755158714328,0.564878,0.845557,0.843500,1.321191,0.000000,0.371648,0.677734
1755158714351,0.564667,0.845920,0.842370,1.320612,0.000000,0.371437,0.680908
1755158714376,0.565431,0.845137,0.844282,1.321658,0.000000,0.372201,0.677734
1755158714401,0.565108,0.845603,0.842926,1.320952,0.000000,0.371878,0.678955
1755158714433,0.564890,0.845322,0.844437,1.321644,0.000000,0.371660,0.677979
1755158714457,0.564263,0.845990,0.842766,1.320737,0.000000,0.371033,0.665283
1755158714480,0.564626,0.845914,0.842466,1.320652,0.000000,0.371396,0.680908
1755158714502,0.564972,0.845467,0.843709,1.321307,0.000000,0.371742,0.677002
1755158714526,0.565344,0.844880,0.845467,1.322215,0.000000,0.372114,0.684814
1755158714553,0.564220,0.845524,0.844735,1.321678,0.000000,0.370990,0.682861
1755158714581,0.564871,0.845676,0.843028,1.320962,0.000000,0.371641,0.680908
1755158714603,0.564485,0.845578,0.844076,1.321404,0.000000,0.371255,0.683350
1755158714628,0.565209,0.844763,0.846164,1.322528,0.000000,0.371979,0.672607
1755158714651,0.564377,0.846004,0.842514,1.320634,0.000000,0.371147,0.685303
1755158714676,0.565379,0.845288,0.843756,1.321396,0.000000,0.372149,0.675537
1755158714703,0.565203,0.845533,0.843051,1.321028,0.000000,0.371973,0.682373
1755158714728,0.565896,0.845077,0.843745,1.321476,0.000000,0.372666,0.679932
1755158714758,0.565418,0.845180,0.844128,1.321582,0.000000,0.372188,0.673096
1755158714781,0.565197,0.845309,0.843973,1.321471,0.000000,0.371967,0.686768
1755158714802,0.563976,0.845792,0.844054,1.321310,0.000000,0.370746,0.681396
1755158714831,0.564447,0.845910,0.842781,1.320775,0.000000,0.371217,0.685791
1755158714853,0.564970,0.845529,0.843458,1.321186,0.000000,0.371740,0.668945
1755158714880,0.565467,0.844992,0.844807,1.321917,0.000000,0.372237,0.684326
1755158714905,0.564059,0.846089,0.842702,1.320673,0.000000,0.370829,0.684814
1755158714930,0.565032,0.845870,0.841959,1.320474,0.000000,0.371802,0.676514
1755158714952,0.565226,0.845826,0.841810,1.320434,0.000000,0.371996,0.674805
1755158714976,0.565383,0.845443,0.843117,1.321090,0.000000,0.372153,0.673096
1755158715001,0.565402,0.845299,0.843670,1.321359,0.000000,0.372172,0.680420
1755158715029,0.564892,0.845629,0.843184,1.321041,0.000000,0.371662,0.673828
1755158715052,0.563520,0.846135,0.843422,1.320931,0.000000,0.370290,0.672852
1755158715080,0.564306,0.845993,0.842679,1.320702,0.000000,0.371076,0.671631
1755158715102,0.565273,0.845448,0.843280,1.321150,0.000000,0.372043,0.679443
1755158715127,0.563766,0.845976,0.843655,1.321084,0.000000,0.370536,0.676270
1755158715153,0.565399,0.845311,0.843625,1.321337,0.000000,0.372169,0.677490
1755158715183,0.563960,0.846313,0.841952,1.320295,0.000000,0.370730,0.677734
1755158715203,0.563198,0.846301,0.843282,1.320811,0.002173,0.369968,0.680420
1755158715230,0.564481,0.845605,0.843970,1.321352,0.000891,0.371251,0.677734
1755158715252,0.565384,0.845483,0.842950,1.321009,-0.000012,0.372154,0.677734
1755158715278,0.565171,0.844945,0.845493,1.322199,0.000201,0.371941,0.677734
1755158715303,0.563695,0.846235,0.842720,1.320622,0.001677,0.370465,0.676758
1755158715330,0.564021,0.845830,0.843825,1.321207,0.001351,0.370791,0.668457
1755158715354,0.564366,0.846081,0.842219,1.320490,0.001006,0.371136,0.683838
1755158715379,0.565375,0.845510,0.842853,1.320961,-0.000003,0.372145,0.685059
1755158715402,0.563828,0.846391,0.841850,1.320225,0.001544,0.370598,0.679443
1755158715430,0.564151,0.845973,0.843022,1.320842,0.001221,0.370921,0.683350
1755158715453,0.564115,0.846119,0.842484,1.320577,0.001256,0.370885,0.665283
1755158715480,0.564418,0.845857,0.843049,1.320899,0.000953,0.371188,0.667725
1755158715503,0.564508,0.845370,0.844880,1.321795,0.000864,0.371278,0.677734
1755158715533,0.563961,0.846341,0.841832,1.320238,0.001411,0.370731,0.680420
1755158715559,0.564298,0.846199,0.841847,1.320300,0.001074,0.371068,0.684082
1755158715579,0.565043,0.845834,0.842088,1.320538,0.000329,0.371813,0.674561
1755158715607,0.564595,0.845938,0.842419,1.320624,0.000777,0.371365,0.682373
1755158715630,0.564680,0.845701,0.843244,1.321036,0.000691,0.371450,0.667725
1755158715658,0.564690,0.845720,0.843153,1.320993,0.000682,0.371459,0.678711
1755158715683,0.565331,0.845540,0.842804,1.320930,0.000040,0.372101,0.670166
1755158715703,0.565228,0.845284,0.844026,1.321502,0.000144,0.371998,0.667725
1755158715729,0.565623,0.844626,0.846027,1.322530,-0.000252,0.372393,0.667236
1755158715754,0.565632,0.845085,0.844157,1.321631,-0.000260,0.372402,0.667969
1755158715780,0.564842,0.845614,0.843327,1.321102,0.000530,0.371612,0.672607
1755158715810,0.565170,0.845434,0.843509,1.321244,0.000202,0.371940,0.672363
1755158715833,0.565061,0.845657,0.842783,1.320876,0.000311,0.371831,0.661133
1755158715855,0.563960,0.845875,0.843743,1.321158,0.001412,0.370730,0.673584
1755158715878,0.563867,0.846030,0.843267,1.320913,0.001505,0.370637,0.676270
1755158715906,0.563988,0.845673,0.844519,1.321536,0.001384,0.370758,0.670898
1755158715930,0.563932,0.845972,0.843394,1.320985,0.001440,0.370702,0.668945
1755158715958,0.565187,0.845103,0.844829,1.321882,0.000185,0.371957,0.677246
1755158715982,0.565514,0.844831,0.845381,1.322201,-0.000142,0.372284,0.665039
1755158716007,0.564831,0.845418,0.844145,1.321494,0.000540,0.371601,0.678467
1755158716030,0.564365,0.845632,0.844054,1.321374,0.001007,0.371135,0.671387
1755158716056,0.564725,0.845613,0.843529,1.321180,0.000647,0.371495,0.667236
1755158716080,0.564450,0.845918,0.842746,1.320758,0.000921,0.371220,0.671875
1755158716107,0.565502,0.845373,0.843198,1.321148,-0.000131,0.372272,0.680420
1755158716132,0.565027,0.845609,0.843035,1.320992,0.000345,0.371797,0.677490
1755158716155,0.564368,0.845959,0.842715,1.320729,0.001004,0.371138,0.684570
1755158716181,0.564974,0.845605,0.843143,1.321035,0.000398,0.371744,0.688965
1755158716206,0.564755,0.845770,0.842836,1.320851,0.000616,0.371525,0.679932
1755158716234,0.565826,0.844922,0.844491,1.321824,-0.000454,0.372596,0.676025
1755158716258,0.565083,0.845658,0.842743,1.320860,0.000289,0.371853,0.668701
1755158716281,0.564883,0.846024,0.841579,1.320266,0.000489,0.371653,0.680908
1755158716307,0.564992,0.845572,0.843248,1.321088,0.000380,0.371762,0.673096
1755158716331,0.564397,0.845663,0.843875,1.321293,0.000975,0.371167,0.671875
1755158716358,0.565240,0.845038,0.845003,1.321974,0.000132,0.372010,0.666504
1755158716382,0.565035,0.845174,0.844796,1.321841,0.000337,0.371805,0.675049
1755158716407,0.564604,0.845180,0.845491,1.322105,0.000768,0.371374,0.677002
1755158716434,0.565677,0.844959,0.844590,1.321847,-0.000305,0.372447,0.686768
1755158716456,0.565007,0.845401,0.843919,1.321414,0.000365,0.371777,0.683838
1755158716484,0.565965,0.844894,0.844370,1.321788,-0.000594,0.372735,0.679199
1755158716506,0.565916,0.844717,0.845172,1.322166,-0.000544,0.372685,0.664795
1755158716532,0.565055,0.845353,0.844035,1.321478,0.000317,0.371825,0.680176
1755158716563,0.564501,0.845800,0.843143,1.320957,0.000871,0.371271,0.679199
1755158716586,0.565678,0.844942,0.844658,1.321880,-0.000306,0.372448,0.684814
1755158716606,0.563884,0.845937,0.843619,1.321086,0.001487,0.370654,0.669434
1755158716632,0.565015,0.845424,0.843812,1.321364,0.000357,0.371785,0.683105
1755158716659,0.565080,0.845433,0.843665,1.321304,0.000292,0.371850,0.678711
1755158716682,0.565993,0.845104,0.843470,1.321359,-0.000621,0.372763,0.678467
1755158716712,0.565360,0.845196,0.844159,1.321587,0.000012,0.372130,0.681396
1755158716734,0.565009,0.845564,0.843249,1.321092,0.000363,0.371779,0.674072
1755158716757,0.565157,0.845079,0.844976,1.321947,0.000215,0.371927,0.680176
1755158716781,0.564740,0.845189,0.845225,1.321999,0.000632,0.371510,0.680420
1755158716807,0.563902,0.845926,0.843635,1.321096,0.001470,0.370672,0.672119
1755158716837,0.563420,0.846235,0.843178,1.320797,0.001952,0.370190,0.666504
1755158716859,0.562917,0.846410,0.843309,1.320778,0.002455,0.369687,0.667725
1755158716886,0.563123,0.846427,0.842894,1.320612,0.002249,0.369893,0.673096
1755158716909,0.564809,0.845880,0.842297,1.320600,0.000563,0.371579,0.683350
1755158716933,0.564354,0.845983,0.842641,1.320691,0.001018,0.371124,0.688965
1755158716957,0.564910,0.845273,0.844601,1.321727,0.000462,0.371680,0.687012
1755158716989,0.563958,0.845790,0.844093,1.321326,0.001414,0.370728,0.667725
1755158717011,0.564869,0.845853,0.842305,1.320614,0.000503,0.371639,0.680176
1755158717043,0.564944,0.845622,0.843123,1.321020,0.000428,0.371714,0.685791
1755158717064,0.563676,0.846569,0.841378,1.319972,0.001696,0.370446,0.681396
1755158717084,0.565032,0.845669,0.842782,1.320871,0.000340,0.371802,0.683838
1755158717109,0.564897,0.845748,0.842688,1.320803,0.000475,0.371667,0.686035
1755158717136,0.564549,0.845439,0.844531,1.321634,0.000823,0.371319,0.675537
1755158717160,0.564544,0.845642,0.843716,1.321240,0.000828,0.371314,0.678223
1755158717186,0.564597,0.845444,0.844433,1.321594,0.000775,0.371367,0.685791
1755158717208,0.565050,0.845273,0.844367,1.321637,0.000322,0.371820,0.674316
1755158717234,0.564824,0.845481,0.843901,1.321376,0.000548,0.371594,0.667969
1755158717260,0.564681,0.845478,0.844153,1.321473,0.000690,0.371451,0.679199
1755158717286,0.563846,0.846202,0.842598,1.320588,0.001526,0.370616,0.670410
1755158717317,0.565567,0.845167,0.843929,1.321511,-0.000195,0.372337,0.668945
1755158717335,0.564805,0.845618,0.843375,1.321119,0.000567,0.371575,0.668701
1755158717360,0.565524,0.845390,0.843094,1.321102,-0.000153,0.372294,0.638184
1755158717382,0.564416,0.845909,0.842839,1.320797,0.000956,0.371186,0.648438
1755158717409,0.566217,0.845353,0.842070,1.320722,-0.000846,0.372987,0.656738
1755158717438,0.563991,0.846495,0.841149,1.319913,0.001381,0.370760,0.666992
1755158717460,0.563432,0.846953,0.840204,1.319366,0.001939,0.370202,0.672607
1755158717488,0.562955,0.847885,0.837121,1.317801,0.002417,0.369725,0.664062
1755158717509,0.562527,0.849095,0.832717,1.315604,0.002845,0.369297,0.708008
1755158717534,0.560107,0.850703,0.830006,1.313897,0.005265,0.366877,0.695068
1755158717559,0.559099,0.852342,0.824542,1.311087,0.006273,0.365869,0.710938
1755158717586,0.557186,0.853659,0.822055,1.309567,0.008186,0.363956,0.729492
1755158717613,0.554967,0.855568,0.817322,1.306905,0.010405,0.361737,0.683350
1755158717640,0.554480,0.856621,0.813252,1.304847,0.010892,0.361250,0.659668
1755158717659,0.551498,0.858944,0.807668,1.301638,0.013874,0.358267,0.687256
1755158717686,0.552503,0.859182,0.804514,1.300268,0.012869,0.359273,0.685547
1755158717710,0.547671,0.862263,0.798368,1.296469,0.017700,0.354441,0.681152
1755158717735,0.543711,0.864706,0.793461,1.293413,0.021661,0.350481,0.718018
1755158717763,0.541902,0.865959,0.790377,1.291603,0.023470,0.348672,0.725586
1755158717789,0.538321,0.867819,0.787528,1.289612,0.027050,0.345091,0.711426
1755158717810,0.537452,0.868637,0.784739,1.288099,0.027920,0.344222,0.691162
1755158717834,0.538388,0.869172,0.779615,1.285738,0.026984,0.345158,0.677734
1755158717861,0.534772,0.870897,0.777335,1.284014,0.030600,0.341542,0.679199
1755158717886,0.535198,0.871821,0.770715,1.280824,0.030174,0.341968,0.555908
1755158717911,0.536666,0.871326,0.770424,1.280926,0.028706,0.343436,0.556274
1755158717938,0.538042,0.870797,0.770535,1.281211,0.027330,0.344812,0.589355
1755158717962,0.536446,0.872171,0.765550,1.278485,0.028926,0.343216,0.539551
1755158717985,0.537868,0.871560,0.766096,1.278992,0.027504,0.344638,0.524658
1755158718010,0.541859,0.869603,0.769062,1.281123,0.023513,0.348629,0.504883
1755158718037,0.537938,0.871255,0.767887,1.279888,0.027434,0.344708,0.544434
1755158718063,0.539519,0.870813,0.766942,1.279686,0.025853,0.346289,0.564453
1755158718091,0.537511,0.871635,0.766466,1.279115,0.027861,0.344281,0.604248
1755158718112,0.535312,0.872331,0.767220,1.279120,0.030060,0.342082,0.565186
1755158718136,0.535395,0.872195,0.767893,1.279465,0.029977,0.342165,0.581787
1755158718161,0.537667,0.871241,0.768615,1.280201,0.027705,0.344437,0.579834
1755158718187,0.537330,0.870737,0.772554,1.282086,0.028041,0.344100,0.591309
1755158718214,0.538941,0.869966,0.773606,1.282874,0.026431,0.345711,0.658936
1755158718238,0.542778,0.868092,0.776231,1.284806,0.022594,0.349548,0.646484
1755158718264,0.545709,0.865601,0.784282,1.289249,0.019663,0.352479,0.617920
1755158718287,0.546970,0.865116,0.784294,1.289464,0.018401,0.353740,0.609131
1755158718314,0.550736,0.863060,0.787675,1.291748,0.014636,0.357506,0.624268
1755158718338,0.549092,0.863147,0.790710,1.292961,0.016280,0.355862,0.611328
1755158718365,0.553250,0.860473,0.796364,1.296416,0.012122,0.360020,0.636963
1755158718388,0.555734,0.858269,0.802690,1.299914,0.009638,0.362504,0.644287
1755158718411,0.554976,0.858176,0.804676,1.300756,0.010396,0.361746,0.697266
1755158718437,0.557632,0.856293,0.808774,1.303191,0.007740,0.364402,0.705078
1755158718463,0.560986,0.854000,0.813345,1.305968,0.004385,0.367756,0.726562
1755158718489,0.560608,0.853079,0.818397,1.308357,0.004764,0.367378,0.700195
1755158718515,0.563592,0.852056,0.817519,1.308424,0.001780,0.370362,0.710449
1755158718540,0.565698,0.850456,0.820925,1.310423,-0.000327,0.372468,0.718994
1755158718564,0.566713,0.849073,0.825282,1.312699,-0.001341,0.373483,0.728760
1755158718586,0.564926,0.849968,0.824567,1.312059,0.000446,0.371696,0.709229
1755158718639,0.564828,0.848725,0.830237,1.314785,0.000543,0.371598,0.683350
1755158718665,0.564676,0.848141,0.833035,1.316111,0.000695,0.371446,0.686279
1755158718713,0.563636,0.848805,0.832011,1.315446,0.001736,0.370406,0.663818
1755158718737,0.564139,0.848342,0.833118,1.316063,0.001233,0.370909,0.656250
1755158718763,0.565544,0.848004,0.832089,1.315797,-0.000172,0.372314,0.658203
1755158718789,0.564232,0.848651,0.831623,1.315356,0.001140,0.371002,0.642090
1755158718813,0.565727,0.848070,0.831477,1.315531,-0.000355,0.372497,0.647705
1755158718845,0.564021,0.849534,0.828142,1.313639,0.001351,0.370791,0.636230
1755158718862,0.564301,0.849566,0.827495,1.313372,0.001071,0.371071,0.636719
1755158718900,0.563398,0.850360,0.825610,1.312312,0.001973,0.370168,0.656982
1755158718915,0.562020,0.851582,0.822640,1.310646,0.003352,0.368790,0.629883
1755158718941,0.559621,0.853086,0.820202,1.309070,0.005751,0.366391,0.671875
1755158719091,0.550759,0.859963,0.804017,1.299737,0.014612,0.357529,0.658936
1755158719114,0.547833,0.862571,0.796423,1.295545,0.017539,0.354603,0.631348
1755158719139,0.544464,0.865095,0.789779,1.291736,0.020908,0.351234,0.638184
1755158719164,0.539364,0.868028,0.784136,1.288121,0.026008,0.346134,0.629639
1755158719189,0.535607,0.870139,0.780002,1.285465,0.029765,0.342377,0.651855
1755158719219,0.533005,0.871976,0.774739,1.282441,0.032367,0.339774,0.655762
1755158719242,0.530430,0.874238,0.766429,1.277913,0.034942,0.337200,0.609863
1755158719265,0.529400,0.875364,0.761465,1.275287,0.035971,0.336170,0.597412
1755158719292,0.530455,0.874981,0.761478,1.275470,0.034917,0.337225,0.568970
1755158719315,0.528899,0.875412,0.762358,1.275645,0.036473,0.335669,0.556030
1755158719338,0.530740,0.874111,0.766522,1.278011,0.034632,0.337510,0.604492
1755158719364,0.534993,0.872239,0.768555,1.279725,0.030379,0.341763,0.594727
1755158719389,0.533123,0.872743,0.769714,1.279984,0.032249,0.339892,0.604004
1755158719418,0.533694,0.872299,0.771185,1.280805,0.031678,0.340464,0.572510
1755158719443,0.532098,0.873142,0.769555,1.279734,0.033274,0.338868,0.574951
1755158719466,0.530226,0.874008,0.768380,1.278842,0.035146,0.336996,0.620117
1755158719489,0.531266,0.873796,0.767321,1.278493,0.034106,0.338036,0.612061
1755158719514,0.531771,0.873156,0.770222,1.280009,0.033601,0.338541,0.629395
1755158719539,0.533502,0.872748,0.768798,1.279596,0.031870,0.340272,0.619629
1755158719567,0.534904,0.872368,0.767943,1.279408,0.030468,0.341674,0.597656
1755158719591,0.534832,0.871769,0.771879,1.281337,0.030540,0.341602,0.609131
1755158719617,0.536534,0.870182,0.777716,1.284495,0.028837,0.343304,0.642822
1755158719640,0.537214,0.869187,0.782085,1.286756,0.028158,0.343984,0.652344
1755158719664,0.539216,0.867801,0.785742,1.288885,0.026156,0.345986,0.616455
1755158719690,0.542269,0.865717,0.790945,1.291942,0.023103,0.349039,0.639160
1755158719716,0.549511,0.861872,0.796680,1.295950,0.015861,0.356281,0.651855
1755158719741,0.551369,0.860264,0.801278,1.298502,0.014003,0.358139,0.625977
1755158719769,0.552324,0.858957,0.805998,1.300961,0.013048,0.359093,0.670410
1755158719817,0.555919,0.856118,0.812928,1.304927,0.009453,0.362689,0.686768
1755158719841,0.558634,0.853795,0.818762,1.308208,0.006738,0.365404,0.690674
1755158719867,0.559295,0.853094,0.820769,1.309291,0.006077,0.366065,0.680176
1755158719891,0.559257,0.852625,0.822978,1.310355,0.006115,0.366027,0.667725
1755158719917,0.558936,0.852256,0.825221,1.311389,0.006436,0.365706,0.658691
1755158719943,0.561493,0.850903,0.826650,1.312501,0.003879,0.368263,0.658691
1755158719965,0.563173,0.849400,0.830251,1.314519,0.002199,0.369943,0.642090
1755158719994,0.562248,0.849530,0.831325,1.314886,0.003124,0.369018,0.648193
1755158720027,0.563618,0.848329,0.834086,1.316445,0.001754,0.370388,0.646240
1755158720045,0.563678,0.848034,0.835239,1.317011,0.001694,0.370448,0.640625
1755158720068,0.563035,0.848215,0.835590,1.317075,0.002337,0.369805,0.642090
1755158720091,0.562762,0.848545,0.834660,1.316582,0.002610,0.369532,0.651367
1755158720121,0.561233,0.849532,0.833102,1.315578,0.004139,0.368003,0.634033
1755158720141,0.561659,0.849232,0.833645,1.315910,0.003713,0.368429,0.641357
1755158720175,0.561060,0.850101,0.830944,1.314507,0.004312,0.367830,0.637939
1755158720192,0.562622,0.849771,0.829614,1.314121,0.002750,0.369392,0.625732
1755158720220,0.562401,0.850174,0.828240,1.313420,0.002970,0.369171,0.665283
1755158720241,0.561747,0.850866,0.826355,1.312401,0.003625,0.368517,0.637207
1755158720266,0.558565,0.852583,0.824428,1.310944,0.006807,0.365335,0.644531
1755158720291,0.557871,0.853780,0.820245,1.308802,0.007501,0.364641,0.619141
1755158720318,0.556324,0.854610,0.819268,1.308073,0.009047,0.363094,0.655273
1755158720341,0.555820,0.855121,0.817827,1.307291,0.009552,0.362590,0.677246
1755158720367,0.552743,0.857486,0.812392,1.304143,0.012629,0.359513,0.666992
1755158720398,0.550988,0.859019,0.808283,1.301853,0.014384,0.357758,0.662354
1755158720417,0.547026,0.861874,0.801664,1.297971,0.018346,0.353796,0.623535
1755158720443,0.545626,0.863171,0.797730,1.295818,0.019746,0.352396,0.641602
1755158720471,0.541896,0.865699,0.791811,1.292305,0.023476,0.348666,0.605469
1755158720494,0.541191,0.866649,0.788044,1.290342,0.024180,0.347961,0.617920
1755158720520,0.534941,0.870425,0.779764,1.285237,0.030431,0.341711,0.623047
1755158720541,0.530845,0.872895,0.773931,1.281683,0.034527,0.337615,0.621094
1755158720568,0.529448,0.874053,0.769876,1.279451,0.035924,0.336218,0.637207
1755158720594,0.527838,0.875770,0.762512,1.275543,0.037534,0.334608,0.594727
1755158720620,0.527539,0.876329,0.759472,1.273989,0.037833,0.334309,0.578857
1755158720644,0.527936,0.876405,0.757974,1.273313,0.037436,0.334706,0.531128
1755158720671,0.524693,0.877744,0.756723,1.272150,0.040679,0.331462,0.578857
1755158720693,0.525498,0.877137,0.758934,1.273381,0.039873,0.332268,0.618408
1755158720724,0.526136,0.876748,0.760036,1.274033,0.039236,0.332906,0.633789
1755158720743,0.526181,0.876305,0.762899,1.275457,0.039191,0.332951,0.593506
1755158720776,0.525978,0.876262,0.763664,1.275802,0.039394,0.332748,0.618652
1755158720796,0.524503,0.876640,0.764635,1.276036,0.040869,0.331273,0.599121
1755158720821,0.525574,0.876678,0.761854,1.274839,0.039798,0.332344,0.597412
1755158720846,0.525557,0.876627,0.762237,1.275026,0.039815,0.332326,0.576172
1755158720869,0.529060,0.875220,0.763246,1.276111,0.036312,0.335830,0.604492
1755158720893,0.528818,0.875086,0.764699,1.276788,0.036554,0.335588,0.610107
1755158720919,0.531740,0.873570,0.767665,1.278742,0.033632,0.338510,0.642822
1755158720949,0.534915,0.871618,0.772625,1.281719,0.030456,0.341685,0.646729
1755158720975,0.537998,0.870852,0.770294,1.281084,0.027374,0.344768,0.603516
1755158720994,0.539543,0.869647,0.774183,1.283258,0.025829,0.346313,0.602783
1755158721020,0.539369,0.869169,0.777465,1.284844,0.026003,0.346138,0.599854
1755158721044,0.545990,0.864769,0.788355,1.291292,0.019382,0.352760,0.644287
1755158721074,0.545669,0.864753,0.789128,1.291617,0.019703,0.352439,0.620361
1755158721096,0.547443,0.862398,0.798122,1.296311,0.017929,0.354213,0.653076
1755158721118,0.549094,0.861667,0.798601,1.296819,0.016278,0.355864,0.646729
1755158721144,0.550697,0.860300,0.802437,1.298956,0.014675,0.357467,0.677002
1755158721168,0.553994,0.858177,0.806605,1.301533,0.011378,0.360763,0.686035
1755158721195,0.555580,0.857096,0.808843,1.302885,0.009792,0.362350,0.652832
1755158721226,0.557515,0.855579,0.812465,1.304967,0.007857,0.364285,0.671143
1755158721245,0.560441,0.853553,0.816501,1.307410,0.004931,0.367211,0.673340
1755158721272,0.562090,0.851982,0.820687,1.309712,0.003282,0.368860,0.688721
1755158721304,0.561543,0.851412,0.824282,1.311363,0.003829,0.368313,0.691895
1755158721321,0.561860,0.850397,0.828225,1.313323,0.003512,0.368630,0.665039
1755158721345,0.563040,0.849514,0.829993,1.314373,0.002332,0.369810,0.665771
1755158721374,0.564539,0.848489,0.831779,1.315482,0.000833,0.371308,0.658203
1755158721395,0.564957,0.848285,0.831914,1.315616,0.000415,0.371727,0.657471
1755158721422,0.564073,0.848882,0.830902,1.314982,0.001299,0.370843,0.652832
1755158721445,0.564670,0.848426,0.831816,1.315522,0.000702,0.371440,0.643555
1755158721470,0.563451,0.848992,0.831531,1.315183,0.001921,0.370221,0.663574
1755158721495,0.562990,0.849497,0.830156,1.314443,0.002382,0.369759,0.655029
1755158721523,0.563026,0.849787,0.828822,1.313804,0.002346,0.369796,0.650635
1755158721550,0.563373,0.849790,0.828185,1.313553,0.001998,0.370143,0.681885
1755158721572,0.561273,0.850917,0.826981,1.312625,0.004099,0.368043,0.650879
1755158721595,0.561856,0.851227,0.824542,1.311541,0.003516,0.368626,0.671143
1755158721620,0.560682,0.852791,0.819589,1.308947,0.004690,0.367452,0.640381
1755158721645,0.558460,0.854129,0.817534,1.307584,0.006912,0.365230,0.656494
1755158721672,0.557840,0.855131,0.813982,1.305757,0.007532,0.364610,0.657471
1755158721697,0.553940,0.857363,0.810705,1.303520,0.011432,0.360710,0.681641
1755158721723,0.552474,0.858112,0.809874,1.302873,0.012898,0.359244,0.694336
1755158721746,0.549877,0.859578,0.807663,1.301367,0.015495,0.356647,0.697266
1755158721771,0.544961,0.862810,0.800930,1.297271,0.020410,0.351731,0.645264
1755158721796,0.543831,0.864101,0.796446,1.294894,0.021540,0.350601,0.660156
1755158721823,0.545372,0.864064,0.793505,1.293710,0.020000,0.352142,0.651855
1755158721847,0.543297,0.865442,0.790316,1.291805,0.022075,0.350066,0.661865
1755158721874,0.538411,0.868390,0.784104,1.287947,0.026961,0.345181,0.640137
1755158721897,0.533002,0.871883,0.775310,1.282722,0.032370,0.339772,0.603760
1755158721921,0.530287,0.873342,0.772425,1.280848,0.035085,0.337057,0.661377
1755158721947,0.528371,0.874816,0.767492,1.278094,0.037001,0.335141,0.640381
1755158721972,0.523936,0.877534,0.760009,1.273652,0.041436,0.330706,0.587158
1755158721998,0.524322,0.877430,0.759782,1.273604,0.041050,0.331092,0.606934
1755158722024,0.528559,0.876143,0.758241,1.273550,0.036813,0.335329,0.578369
1755158722049,0.530706,0.875625,0.756461,1.273029,0.034666,0.337476,0.567627
1755158722072,0.534671,0.873350,0.762102,1.276485,0.030701,0.341441,0.599365
1755158722099,0.536479,0.872323,0.764480,1.277962,0.028893,0.343249,0.589355
1755158722127,0.538164,0.871394,0.766457,1.279220,0.027208,0.344934,0.569092
1755158722150,0.537918,0.871432,0.766797,1.279346,0.027454,0.344688,0.565674
1755158722175,0.536208,0.871807,0.768454,1.279878,0.029164,0.342978,0.590576
1755158722198,0.535205,0.872430,0.766838,1.278913,0.030167,0.341975,0.610107
1755158722222,0.533887,0.872529,0.769291,1.279903,0.031485,0.340657,0.622314
1755158722248,0.533997,0.872172,0.771284,1.280904,0.031375,0.340767,0.622559
1755158722273,0.533803,0.872092,0.772223,1.281335,0.031569,0.340573,0.616455
1755158722302,0.532242,0.872359,0.774097,1.281998,0.033129,0.339012,0.623535
1755158722325,0.533692,0.871757,0.774534,1.282455,0.031680,0.340462,0.635498
1755158722350,0.535166,0.870581,0.778350,1.284579,0.030206,0.341936,0.607666
1755158722371,0.540690,0.868112,0.780775,1.286691,0.024682,0.347460,0.619141
1755158722397,0.537502,0.868593,0.784881,1.288177,0.027870,0.344272,0.596436
1755158722429,0.539166,0.867106,0.789735,1.290834,0.026206,0.345935,0.634033
1755158722453,0.541746,0.865252,0.794529,1.293610,0.023626,0.348516,0.631348
1755158722475,0.545609,0.862838,0.799505,1.296683,0.019763,0.352379,0.674072
1755158722500,0.549520,0.860541,0.803538,1.299298,0.015852,0.356290,0.688721
1755158722524,0.553280,0.858346,0.807163,1.301687,0.012092,0.360050,0.683594
1755158722549,0.553399,0.857550,0.810834,1.303493,0.011972,0.360169,0.680908
1755158722576,0.555329,0.855872,0.815216,1.305942,0.010043,0.362099,0.661377
1755158722601,0.555807,0.855129,0.817813,1.307282,0.009565,0.362577,0.687256
1755158722634,0.558824,0.852941,0.822335,1.309972,0.006548,0.365594,0.681885
1755158722649,0.559971,0.851809,0.825358,1.311625,0.005401,0.366741,0.675049
1755158722674,0.558398,0.852133,0.826740,1.312035,0.006974,0.365168,0.660889
1755158722700,0.557516,0.852181,0.828097,1.312547,0.007856,0.364286,0.645508
1755158722727,0.559088,0.851358,0.828938,1.313213,0.006284,0.365858,0.641113
1755158722750,0.559686,0.850759,0.830503,1.314068,0.005686,0.366456,0.641846
1755158722774,0.560297,0.849541,0.834690,1.316192,0.005075,0.367067,0.647705
1755158722799,0.558074,0.850601,0.833995,1.315491,0.007298,0.364844,0.651367
1755158722826,0.559162,0.850235,0.833686,1.315521,0.006210,0.365932,0.650146
1755158722850,0.559485,0.850364,0.832569,1.315033,0.005887,0.366255,0.620361
1755158722876,0.559982,0.850042,0.833090,1.315367,0.005390,0.366752,0.643555
1755158722903,0.559993,0.850262,0.832123,1.314902,0.005379,0.366763,0.647217
1755158722927,0.559256,0.851110,0.829729,1.313623,0.006116,0.366026,0.632568
1755158722948,0.558896,0.851769,0.827466,1.312469,0.006476,0.365666,0.640869
1755158722973,0.559831,0.851969,0.824892,1.311377,0.005541,0.366601,0.632568
1755158723001,0.561288,0.851642,0.823710,1.311044,0.004083,0.368058,0.653076
1755158723028,0.561915,0.851912,0.821329,1.309994,0.003457,0.368685,0.648193
1755158723050,0.558747,0.854017,0.817519,1.307624,0.006625,0.365517,0.659912
1755158723075,0.557926,0.854924,0.814805,1.306171,0.007446,0.364696,0.666992
1755158723100,0.552459,0.858227,0.809339,1.302611,0.012913,0.359229,0.673584
1755158723130,0.550312,0.859873,0.805349,1.300312,0.015060,0.357082,0.643311
1755158723152,0.547149,0.861873,0.801428,1.297877,0.018223,0.353919,0.647217
1755158723176,0.545097,0.862671,0.801377,1.297512,0.020275,0.351867,0.652588
1755158723204,0.542228,0.864977,0.795028,1.293934,0.023144,0.348997,0.634277
1755158723230,0.540196,0.866914,0.788655,1.290476,0.025176,0.346966,0.617920
1755158723248,0.539976,0.867369,0.786577,1.289420,0.025396,0.346745,0.617188
1755158723277,0.537226,0.868685,0.784941,1.288161,0.028146,0.343996,0.600586
1755158723301,0.533573,0.871014,0.779261,1.284762,0.031799,0.340343,0.626465
1755158723328,0.530335,0.872929,0.774858,1.282055,0.035037,0.337105,0.620605
1755158723351,0.527182,0.874572,0.771740,1.279992,0.038190,0.333952,0.628418
1755158723377,0.527863,0.875094,0.766879,1.277706,0.037509,0.334633,0.606934
1755158723400,0.528923,0.874952,0.765328,1.277117,0.036448,0.335693,0.629150
1755158723426,0.528314,0.875504,0.763140,1.275934,0.037058,0.335084,0.607178
1755158723449,0.534573,0.872790,0.766015,1.278401,0.030799,0.341342,0.626465
1755158723477,0.533753,0.872718,0.768408,1.279445,0.031619,0.340523,0.614258
1755158723503,0.536349,0.871902,0.767518,1.279440,0.029023,0.343119,0.619141
1755158723528,0.535462,0.872010,0.768915,1.279981,0.029909,0.342232,0.621094
1755158723552,0.534009,0.872631,0.768359,1.279464,0.031363,0.340779,0.618408
1755158723576,0.531328,0.873756,0.767432,1.278558,0.034044,0.338098,0.600830
1755158723605,0.533723,0.872506,0.769818,1.280136,0.031649,0.340492,0.592529
1755158723633,0.534666,0.872191,0.769621,1.280196,0.030706,0.341436,0.591064
1755158723651,0.534500,0.872270,0.769507,1.280112,0.030872,0.341270,0.621338
1755158723680,0.532112,0.872672,0.772463,1.281171,0.033260,0.338882,0.658447
1755158723699,0.535706,0.870869,0.775424,1.283229,0.029666,0.342476,0.621338
1755158723729,0.534590,0.870861,0.777947,1.284285,0.030782,0.341360,0.618164
1755158723751,0.537297,0.869344,0.780991,1.286233,0.028075,0.344067,0.616699
1755158723783,0.537822,0.868645,0.783904,1.287751,0.027550,0.344592,0.590332
1755158723802,0.541630,0.866048,0.790452,1.291595,0.023742,0.348400,0.629395
1755158723833,0.543800,0.865170,0.790757,1.292104,0.021572,0.350570,0.593994
1755158723857,0.547624,0.863019,0.794468,1.294555,0.017748,0.354394,0.663086
1755158723901,0.547150,0.862466,0.798352,1.296375,0.018222,0.353920,0.661133
1755158723913,0.550492,0.860004,0.804338,1.299849,0.014880,0.357262,0.681396
1755158723935,0.554531,0.857763,0.807603,1.302108,0.010841,0.361301,0.669678
1755158723954,0.556479,0.856234,0.811298,1.304228,0.008893,0.363249,0.684814
1755158723980,0.556700,0.855545,0.814183,1.305666,0.008672,0.363470,0.678467
1755158724002,0.558076,0.854438,0.816809,1.307169,0.007296,0.364846,0.659180
1755158724027,0.559848,0.852750,0.821324,1.309651,0.005524,0.366618,0.681396
1755158724053,0.558874,0.852874,0.822550,1.310085,0.006498,0.365644,0.657715
1755158724081,0.559282,0.852252,0.824618,1.311154,0.006090,0.366052,0.646240
1755158724105,0.560596,0.850870,0.828403,1.313202,0.004776,0.367366,0.642578
1755158724130,0.563441,0.849169,0.830777,1.314818,0.001931,0.370211,0.624512
1755158724155,0.562884,0.848704,0.833770,1.316172,0.002488,0.369653,0.626953
1755158724177,0.562552,0.848622,0.834696,1.316565,0.002819,0.369322,0.628174
1755158724203,0.561227,0.849329,0.833983,1.316003,0.004145,0.367997,0.624023
1755158724229,0.561770,0.849029,0.834320,1.316255,0.003602,0.368540,0.632080
1755158724253,0.559420,0.850468,0.832232,1.314860,0.005952,0.366190,0.626709
1755158724280,0.559689,0.850299,0.832492,1.315030,0.005683,0.366459,0.630859
1755158724304,0.560297,0.850537,0.830392,1.314114,0.005074,0.367067,0.632080
1755158724329,0.558072,0.851810,0.828747,1.312953,0.007300,0.364842,0.632080
1755158724354,0.559311,0.851698,0.827041,1.312331,0.006061,0.366081,0.657471
1755158724379,0.558068,0.852886,0.823959,1.310634,0.007304,0.364838,0.632324
1755158724405,0.554984,0.854870,0.820533,1.308466,0.010388,0.361754,0.655762
1755158724433,0.554852,0.855404,0.818300,1.307361,0.010520,0.361622,0.653076
1755158724454,0.550846,0.857909,0.813931,1.304578,0.014526,0.357616,0.650391
1755158724479,0.547931,0.859826,0.810158,1.302261,0.017441,0.354701,0.651855
1755158724505,0.546337,0.860820,0.808297,1.301092,0.019035,0.353107,0.671143
1755158724532,0.543257,0.862626,0.805181,1.299064,0.022115,0.350027,0.661621
1755158724558,0.542363,0.864294,0.798363,1.295587,0.023009,0.349133,0.656006
1755158724582,0.539584,0.866239,0.793609,1.292802,0.025788,0.346354,0.628418
1755158724608,0.536650,0.868175,0.789012,1.290063,0.028721,0.343420,0.562256
1755158724629,0.536005,0.868254,0.789903,1.290392,0.029367,0.342774,0.653076
1755158724654,0.535703,0.869326,0.784511,1.287696,0.029669,0.342472,0.583984
1755158724682,0.532017,0.871694,0.778607,1.284181,0.033355,0.338787,0.594727
1755158724705,0.530039,0.873191,0.773911,1.281539,0.035333,0.336809,0.593018
1755158724729,0.528338,0.874094,0.772129,1.280377,0.037034,0.335108,0.636719
1755158724755,0.523575,0.876725,0.766223,1.276666,0.041797,0.330345,0.651855
1755158724779,0.525831,0.876561,0.762026,1.274967,0.039541,0.332601,0.633789
1755158724806,0.524613,0.876756,0.763611,1.275548,0.040759,0.331383,0.653564
1755158724831,0.527363,0.875469,0.765616,1.276999,0.038009,0.334133,0.707764
1755158724857,0.528655,0.874639,0.767970,1.278378,0.036717,0.335425,0.685547
1755158724882,0.529235,0.874146,0.769780,1.279368,0.036137,0.336005,0.683838
1755158724906,0.532438,0.872611,0.772104,1.281048,0.032934,0.339208,0.660889
1755158724929,0.533795,0.872073,0.772363,1.281402,0.031577,0.340565,0.642334
1755158724960,0.529542,0.873382,0.773846,1.281424,0.035830,0.336312,0.614990
1755158724982,0.529531,0.873925,0.770495,1.279770,0.035840,0.336301,0.646973
1755158725006,0.530585,0.873387,0.771472,1.280427,0.034787,0.337355,0.640137
1755158725035,0.531468,0.872742,0.773482,1.281566,0.033904,0.338238,0.624023
1755158725054,0.533546,0.871656,0.775477,1.282895,0.031826,0.340316,0.613525
1755158725082,0.533935,0.871434,0.775954,1.283195,0.031437,0.340705,0.555420
1755158725105,0.537243,0.869611,0.779543,1.285511,0.028129,0.344013,0.600098
1755158725132,0.540672,0.867463,0.784561,1.288547,0.024700,0.347442,0.602295
1755158725158,0.543541,0.865047,0.791967,1.292654,0.021831,0.350311,0.570801
1755158725181,0.543459,0.864372,0.795761,1.294497,0.021912,0.350229,0.594971
1755158725204,0.546157,0.862767,0.798779,1.296419,0.019215,0.352927,0.663574
1755158725230,0.546544,0.861849,0.802738,1.298416,0.018827,0.353314,0.674072
1755158725256,0.547858,0.860890,0.805029,1.299750,0.017514,0.354628,0.682373
1755158725283,0.549987,0.859503,0.807820,1.301463,0.015385,0.356757,0.648438
1755158725307,0.555341,0.856340,0.812964,1.304850,0.010030,0.362111,0.665771
1755158725332,0.556611,0.855453,0.814787,1.305945,0.008761,0.363381,0.675781
1755158725355,0.558443,0.854064,0.817870,1.307744,0.006929,0.365213,0.667480
1755158725382,0.557803,0.854189,0.818482,1.307935,0.007569,0.364573,0.675293
1755158725408,0.559052,0.853227,0.820609,1.309173,0.006320,0.365822,0.686523
1755158725432,0.561174,0.851713,0.823601,1.310973,0.004198,0.367944,0.681885
1755158725457,0.562606,0.850108,0.828163,1.313416,0.002766,0.369376,0.663330
1755158725486,0.564412,0.848916,0.830152,1.314675,0.000960,0.371182,0.656982
1755158725506,0.566566,0.847896,0.830731,1.315309,-0.001194,0.373336,0.628418
1755158725532,0.563600,0.848805,0.832075,1.315471,0.001772,0.370370,0.648682
1755158725557,0.564048,0.848183,0.833961,1.316455,0.001324,0.370817,0.656982
1755158725582,0.564648,0.848472,0.831660,1.315443,0.000724,0.371418,0.639160
1755158725608,0.562382,0.849422,0.831559,1.315021,0.002990,0.369152,0.634521
1755158725633,0.561944,0.850013,0.829762,1.314081,0.003427,0.368714,0.627197
1755158725659,0.561111,0.850925,0.827238,1.312723,0.004261,0.367881,0.641846
1755158725682,0.561044,0.850927,0.827350,1.312766,0.004328,0.367813,0.648193
1755158725707,0.561999,0.850892,0.825780,1.312164,0.003373,0.368769,0.658936
1755158725732,0.559475,0.852889,0.821378,1.309615,0.005897,0.366245,0.634521
1755158725759,0.557717,0.854256,0.818330,1.307848,0.007655,0.364487,0.651855
1755158725783,0.557968,0.855096,0.813907,1.305742,0.007403,0.364738,0.632080
1755158725807,0.555726,0.856347,0.812200,1.304542,0.009646,0.362496,0.662598
1755158725832,0.555038,0.856851,0.811084,1.303886,0.010333,0.361808,0.647217
1755158725858,0.551294,0.858797,0.808783,1.302148,0.014078,0.358064,0.703125
1755158725885,0.547671,0.861374,0.802944,1.298703,0.017701,0.354441,0.649170
1755158725907,0.545376,0.862877,0.799762,1.296770,0.019995,0.352146,0.656738
1755158725938,0.543504,0.863961,0.797837,1.295519,0.021868,0.350274,0.656006
1755158725961,0.543141,0.865191,0.792010,1.292609,0.022231,0.349911,0.659180
1755158725983,0.539933,0.867085,0.788252,1.290235,0.025439,0.346703,0.633545
1755158726012,0.537719,0.869023,0.781941,1.286770,0.027652,0.344489,0.577881
1755158726035,0.537996,0.869191,0.780362,1.286040,0.027376,0.344766,0.604736
1755158726059,0.532681,0.872891,0.769799,1.279952,0.032691,0.339451,0.558838
1755158726087,0.531074,0.873765,0.767966,1.278779,0.034298,0.337844,0.593262
1755158726109,0.528852,0.874943,0.765554,1.277217,0.036520,0.335622,0.572266
1755158726134,0.528172,0.875676,0.762335,1.275512,0.037199,0.334942,0.588135
1755158726158,0.526697,0.876426,0.760856,1.274533,0.038675,0.333467,0.608643
1755158726183,0.525607,0.877085,0.759026,1.273444,0.039765,0.332377,0.590576
1755158726210,0.523617,0.877711,0.759574,1.273383,0.041754,0.330387,0.610840
1755158726237,0.523728,0.877393,0.761459,1.274335,0.041643,0.330498,0.631104
1755158726264,0.524716,0.876962,0.761995,1.274765,0.040655,0.331486,0.633545
1755158726284,0.526648,0.876044,0.763527,1.275846,0.038724,0.333418,0.619141
1755158726309,0.527009,0.875777,0.764432,1.276354,0.038363,0.333779,0.613281
1755158726333,0.527482,0.875211,0.767005,1.277705,0.037889,0.334252,0.628906
1755158726361,0.529111,0.874897,0.765243,1.277106,0.036261,0.335881,0.590332
1755158726386,0.529977,0.874099,0.768373,1.278797,0.035395,0.336747,0.613525
1755158726407,0.532024,0.872896,0.771272,1.280569,0.033347,0.338794,0.593506
1755158726435,0.534756,0.871680,0.772608,1.281683,0.030616,0.341526,0.622559
1755158726461,0.536980,0.870517,0.774695,1.283083,0.028392,0.343750,0.589844
1755158726488,0.538621,0.869367,0.777944,1.284955,0.026751,0.345391,0.595215
1755158726509,0.539291,0.869124,0.777903,1.285046,0.026081,0.346061,0.558594
1755158726537,0.540305,0.867797,0.783440,1.287936,0.025067,0.347075,0.622070
1755158726558,0.540137,0.867031,0.788126,1.290207,0.025235,0.346907,0.622559
1755158726584,0.543733,0.864919,0.792263,1.292831,0.021639,0.350503,0.645752
1755158726608,0.545015,0.863896,0.795136,1.294449,0.020357,0.351785,0.631348
1755158726636,0.549418,0.860985,0.801480,1.298277,0.015954,0.356188,0.665771
1755158726660,0.550109,0.860704,0.801542,1.298422,0.015263,0.356879,0.670898
1755158726686,0.550654,0.859783,0.805134,1.300264,0.014718,0.357424,0.677002
1755158726709,0.552141,0.858239,0.809889,1.302826,0.013231,0.358911,0.681152
1755158726736,0.555242,0.856541,0.812186,1.304455,0.010129,0.362012,0.665771
1755158726765,0.557757,0.854954,0.814981,1.306229,0.007615,0.364527,0.664795
1755158726786,0.558688,0.853971,0.817844,1.307772,0.006684,0.365458,0.667969
1755158726813,0.560258,0.852608,0.821217,1.309667,0.005114,0.367028,0.674561
1755158726838,0.560937,0.851539,0.824816,1.311522,0.004435,0.367707,0.652100
1755158726861,0.561763,0.851186,0.824897,1.311697,0.003609,0.368533,0.644531
1755158726886,0.561879,0.850882,0.826045,1.312272,0.003493,0.368649,0.638672
1755158726910,0.562184,0.850001,0.829388,1.313939,0.003188,0.368954,0.628662
1755158726936,0.561468,0.850026,0.830548,1.314383,0.003904,0.368238,0.641113
1755158726961,0.561191,0.849324,0.834066,1.316037,0.004181,0.367960,0.620117
1755158726986,0.559947,0.850363,0.831764,1.314721,0.005425,0.366717,0.638916
1755158727009,0.561061,0.850007,0.831351,1.314704,0.004311,0.367831,0.639648
1755158727036,0.561806,0.849824,0.830831,1.314575,0.003565,0.368576,0.636719
1755158727061,0.560633,0.850824,0.828541,1.313275,0.004739,0.367403,0.644043
1755158727086,0.559742,0.851391,0.827627,1.312686,0.005630,0.366512,0.652100
1755158727112,0.559704,0.851430,0.827522,1.312629,0.005668,0.366473,0.637451
1755158727137,0.559074,0.852314,0.824714,1.311166,0.006298,0.365844,0.648438
1755158727165,0.558142,0.853755,0.819861,1.308660,0.007230,0.364912,0.643311
1755158727187,0.555131,0.855826,0.815804,1.306195,0.010241,0.361900,0.642334
1755158727211,0.554950,0.856325,0.813780,1.305182,0.010422,0.361720,0.642822
1755158727237,0.552951,0.857586,0.811517,1.303751,0.012421,0.359721,0.662598
1755158727261,0.550923,0.859070,0.808157,1.301781,0.014449,0.357693,0.670166
1755158727287,0.548473,0.860839,0.804087,1.299393,0.016899,0.355243,0.680176
1755158727312,0.546109,0.862072,0.802459,1.298208,0.019263,0.352879,0.672607
1755158727337,0.542443,0.864492,0.797167,1.295016,0.022929,0.349213,0.656006
1755158727361,0.543193,0.864952,0.793195,1.293198,0.022179,0.349963,0.688721
1755158727388,0.540843,0.866659,0.788718,1.290614,0.024529,0.347613,0.628906
1755158727412,0.538799,0.868173,0.784518,1.288214,0.026573,0.345569,0.626709
1755158727438,0.536120,0.869694,0.781496,1.286285,0.029252,0.342890,0.594727
1755158727465,0.534946,0.870912,0.776858,1.283808,0.030426,0.341716,0.598145
1755158727486,0.532447,0.872930,0.770087,1.280055,0.032925,0.339217,0.623779
1755158727512,0.527646,0.875956,0.761727,1.275123,0.037725,0.334416,0.638428
1755158727537,0.526447,0.876029,0.764093,1.276093,0.038925,0.333217,0.627686
1755158727567,0.525719,0.876154,0.764979,1.276409,0.039653,0.332489,0.615967
1755158727589,0.524520,0.876937,0.762629,1.275046,0.040852,0.331290,0.636475
1755158727615,0.527243,0.875908,0.763012,1.275691,0.038129,0.334013,0.622803
1755158727642,0.530645,0.874418,0.764752,1.277120,0.034727,0.337415,0.652344
1755158727661,0.530066,0.874676,0.764436,1.276867,0.035306,0.336836,0.633545
1755158727688,0.528491,0.874869,0.766874,1.277809,0.036881,0.335261,0.635986
1755158727715,0.530490,0.873629,0.770175,1.279772,0.034882,0.337260,0.632568
1755158727738,0.528515,0.874579,0.768679,1.278704,0.036857,0.335285,0.622803
1755158727765,0.531016,0.873281,0.771159,1.280345,0.034356,0.337786,0.601318
1755158727789,0.528643,0.874186,0.770870,1.279807,0.036729,0.335413,0.617920
1755158727813,0.530437,0.873351,0.772032,1.280679,0.034935,0.337207,0.591309
1755158727840,0.530690,0.872986,0.773721,1.281554,0.034682,0.337460,0.603516
1755158727862,0.532027,0.872475,0.773867,1.281849,0.033345,0.338797,0.600586
1755158727891,0.534285,0.871357,0.775642,1.283099,0.031087,0.341055,0.598389
1755158727912,0.534159,0.870884,0.778757,1.284612,0.031213,0.340929,0.569092
1755158727937,0.536551,0.869105,0.783977,1.287575,0.028821,0.343321,0.595215
1755158727963,0.541394,0.866391,0.789051,1.290869,0.023978,0.348164,0.600098
1755158727989,0.540403,0.866729,0.789248,1.290801,0.024969,0.347173,0.606934
1755158728014,0.542065,0.865470,0.792707,1.292771,0.023307,0.348835,0.644775
1755158728039,0.545046,0.863792,0.795623,1.294692,0.020325,0.351816,0.631836
1755158728065,0.549010,0.861146,0.801466,1.298203,0.016362,0.355780,0.645020
1755158728088,0.547671,0.861283,0.803407,1.298929,0.017701,0.354441,0.683105
1755158728114,0.549351,0.859919,0.806988,1.300952,0.016021,0.356121,0.673828
1755158728147,0.551231,0.858553,0.810099,1.302778,0.014141,0.358001,0.672363
1755158728166,0.554797,0.856221,0.814562,1.305536,0.010575,0.361567,0.658691
1755158728189,0.556408,0.855151,0.816590,1.306787,0.008964,0.363178,0.654785
1755158728217,0.558478,0.853598,0.819962,1.308765,0.006894,0.365248,0.668457
1755158728241,0.558162,0.853341,0.821723,1.309567,0.007210,0.364932,0.653809
1755158728262,0.560937,0.851393,0.825471,1.311839,0.004435,0.367707,0.661377
1755158728289,0.563339,0.849951,0.827537,1.313234,0.002033,0.370109,0.671387
1755158728313,0.562285,0.849820,0.829998,1.314251,0.003087,0.369055,0.656494
1755158728341,0.560828,0.850509,0.829577,1.313808,0.004544,0.367598,0.634521
1755158728364,0.561489,0.850019,0.830544,1.314384,0.003883,0.368259,0.654785
1755158728390,0.563920,0.848954,0.830861,1.314937,0.001452,0.370690,0.648926
1755158728416,0.562519,0.849684,0.830175,1.314375,0.002853,0.369289,0.638672
1755158728442,0.561967,0.850029,0.829653,1.314032,0.003405,0.368737,0.637451
1755158728465,0.561906,0.850216,0.828941,1.313678,0.003466,0.368675,0.650879
1755158728491,0.561363,0.850660,0.827955,1.313111,0.004008,0.368133,0.635010
1755158728517,0.559209,0.851853,0.826530,1.312067,0.006163,0.365979,0.633057
1755158728540,0.558692,0.852681,0.823751,1.310637,0.006680,0.365462,0.642334
1755158728565,0.557935,0.853598,0.820963,1.309161,0.007437,0.364705,0.622559
1755158728591,0.556139,0.855057,0.817533,1.307201,0.009233,0.362909,0.634033
1755158728615,0.557054,0.854619,0.817875,1.307518,0.008318,0.363824,0.668945
1755158728641,0.554814,0.855992,0.815614,1.306050,0.010558,0.361584,0.668701
1755158728670,0.552771,0.857730,0.811161,1.303549,0.012601,0.359541,0.661621
1755158728691,0.547056,0.861149,0.805280,1.299740,0.018316,0.353826,0.656494
1755158728715,0.545152,0.862198,0.803684,1.298647,0.020220,0.351922,0.665039
1755158728741,0.542934,0.863814,0.799739,1.296354,0.022438,0.349704,0.646484
1755158728766,0.541814,0.865301,0.794132,1.293427,0.023557,0.348584,0.648193
1755158728794,0.540205,0.866946,0.788456,1.290380,0.025167,0.346975,0.575684
1755158728818,0.538673,0.867844,0.786647,1.289238,0.026699,0.345443,0.603027
1755158728844,0.537358,0.868714,0.784493,1.287963,0.028014,0.344128,0.583252
1755158728866,0.534288,0.870762,0.779198,1.284850,0.031084,0.341058,0.583740
1755158728908,0.530266,0.873055,0.774238,1.281738,0.035106,0.337036,0.611328
1755158728923,0.523474,0.876644,0.766984,1.277025,0.041898,0.330244,0.596191
1755158728945,0.524200,0.876582,0.765712,1.276518,0.041172,0.330970,0.602295
1755158728970,0.525796,0.875759,0.767364,1.277601,0.039576,0.332566,0.586914
1755158728997,0.526697,0.875489,0.767032,1.277587,0.038675,0.333467,0.562500
1755158729016,0.526127,0.875659,0.767252,1.277600,0.039245,0.332897,0.590576
1755158729042,0.529771,0.874064,0.769067,1.279105,0.035600,0.336541,0.621826
1755158729066,0.530053,0.873960,0.769081,1.279159,0.035319,0.336823,0.608398
1755158729095,0.529943,0.873650,0.771287,1.280229,0.035429,0.336713,0.643555
1755158729118,0.529127,0.873757,0.772457,1.280670,0.036245,0.335897,0.611328
1755158729142,0.529611,0.873446,0.773298,1.281166,0.035761,0.336381,0.591553
1755158729165,0.531347,0.872276,0.776583,1.283073,0.034025,0.338117,0.588379
1755158729194,0.532622,0.871414,0.778956,1.284454,0.032750,0.339392,0.590088
1755158729220,0.533068,0.871548,0.777181,1.283654,0.032304,0.339838,0.580811
1755158729243,0.533283,0.871130,0.779202,1.284685,0.032089,0.340053,0.579590
1755158729267,0.534499,0.871040,0.777080,1.283843,0.030872,0.341269,0.564209
1755158729291,0.540126,0.867724,0.784243,1.288300,0.025246,0.346896,0.606445
1755158729316,0.541826,0.866321,0.788538,1.290689,0.023546,0.348596,0.601318
1755158729346,0.541245,0.866121,0.790852,1.291727,0.024127,0.348015,0.555542
1755158729369,0.542808,0.865053,0.793438,1.293252,0.022564,0.349578,0.615479
1755158729394,0.544172,0.863583,0.798486,1.295947,0.021200,0.350942,0.648193
1755158729417,0.543808,0.863854,0.797796,1.295550,0.021564,0.350578,0.626465
1755158729441,0.547244,0.861489,0.803199,1.298756,0.018128,0.354014,0.650146
1755158729466,0.551009,0.859106,0.807811,1.301627,0.014363,0.357779,0.639648
1755158729497,0.553744,0.857234,0.811707,1.303975,0.011628,0.360514,0.655518
1755158729517,0.553448,0.856992,0.813431,1.304764,0.011924,0.360218,0.661621
1755158729543,0.554520,0.856071,0.815793,1.306089,0.010852,0.361290,0.656250
1755158729571,0.555113,0.855280,0.818397,1.307451,0.010259,0.361883,0.665039
1755158729593,0.555982,0.854680,0.819574,1.308165,0.009389,0.362752,0.666260
1755158729617,0.557045,0.853666,0.822280,1.309652,0.008327,0.363815,0.665527
1755158729648,0.559394,0.852063,0.825261,1.311484,0.005978,0.366164,0.670898
1755158729672,0.557636,0.852711,0.825522,1.311321,0.007736,0.364406,0.662109
1755158729693,0.560334,0.851056,0.828051,1.312988,0.005038,0.367104,0.638184
1755158729720,0.562178,0.850085,0.829031,1.313766,0.003194,0.368948,0.668457
1755158729742,0.562340,0.849907,0.829521,1.314029,0.003032,0.369110,0.648926
1755158729767,0.562177,0.849728,0.830594,1.314521,0.003195,0.368947,0.656006
1755158729794,0.561679,0.850078,0.829947,1.314127,0.003693,0.368449,0.636963
1755158729818,0.561220,0.850289,0.829842,1.314000,0.004152,0.367990,0.657227
1755158729845,0.562047,0.850429,0.827749,1.313124,0.003325,0.368817,0.626953
1755158729869,0.561469,0.850604,0.828015,1.313158,0.003903,0.368239,0.645996
1755158729893,0.560612,0.851674,0.824798,1.311460,0.004760,0.367382,0.641846
1755158729918,0.560711,0.852405,0.821308,1.309786,0.004661,0.367481,0.613525
1755158729947,0.556838,0.854734,0.817739,1.307416,0.008534,0.363608,0.654297
1755158729970,0.556582,0.855280,0.815657,1.306363,0.008790,0.363352,0.636719
1755158729999,0.554868,0.856761,0.811846,1.304228,0.010504,0.361638,0.657959
1755158730019,0.552758,0.858428,0.807775,1.301899,0.012614,0.359527,0.644287
1755158730047,0.549479,0.860674,0.802945,1.299002,0.015893,0.356249,0.651855
1755158730074,0.547405,0.861562,0.802515,1.298450,0.017967,0.354175,0.649170
1755158730093,0.545084,0.863123,0.799065,1.296381,0.020288,0.351854,0.619385
1755158730126,0.544143,0.863543,0.798749,1.296071,0.021229,0.350913,0.643799
1755158730147,0.541831,0.865638,0.792276,1.292521,0.023541,0.348601,0.616211
1755158730169,0.540263,0.867029,0.787876,1.290106,0.025109,0.347033,0.628906
1755158730195,0.538406,0.868991,0.780640,1.286244,0.026966,0.345176,0.582031
1755158730223,0.533988,0.871566,0.775034,1.282751,0.031383,0.340758,0.571533
1755158730247,0.532663,0.872479,0.772415,1.281239,0.032708,0.339433,0.605713
1755158730273,0.528341,0.874306,0.770797,1.279720,0.037031,0.335111,0.609863
1755158730296,0.528623,0.875006,0.765681,1.277241,0.036749,0.335393,0.594482
1755158730322,0.528365,0.875452,0.763363,1.276052,0.037007,0.335135,0.577637
1755158730345,0.525899,0.876653,0.761245,1.274592,0.039473,0.332669,0.558838
1755158730369,0.525143,0.876817,0.761955,1.274817,0.040229,0.331913,0.634521
1755158730396,0.525307,0.876580,0.763142,1.275432,0.040065,0.332077,0.655762
1755158730419,0.527179,0.875891,0.763276,1.275811,0.038193,0.333949,0.655273
1755158730446,0.527814,0.875355,0.765303,1.276919,0.037558,0.334584,0.652100
1755158730472,0.528257,0.875046,0.766278,1.277475,0.037115,0.335027,0.570557
1755158730494,0.529246,0.874570,0.767047,1.278020,0.036125,0.336016,0.557251
1755158730520,0.528556,0.874704,0.767787,1.278270,0.036816,0.335326,0.629395
1755158730547,0.529773,0.874538,0.766023,1.277602,0.035599,0.336543,0.598389
1755158730571,0.530209,0.873956,0.768752,1.279023,0.035163,0.336979,0.618896
1755158730595,0.528148,0.874560,0.769640,1.279117,0.037224,0.334918,0.590088
1755158730622,0.531807,0.872853,0.772031,1.280907,0.033564,0.338577,0.574219
1755158730645,0.534431,0.871672,0.773394,1.282017,0.030941,0.341201,0.578857
1755158730669,0.534974,0.871149,0.775367,1.283079,0.030398,0.341744,0.601318
1755158730700,0.538106,0.869481,0.778414,1.285100,0.027266,0.344875,0.598633
1755158730722,0.539612,0.868394,0.781490,1.286863,0.025760,0.346382,0.607666
1755158730747,0.539414,0.867824,0.785193,1.288648,0.025958,0.346184,0.610840
1755158730775,0.539457,0.867233,0.788425,1.290241,0.025915,0.346227,0.621582
1755158730795,0.544312,0.864897,0.791182,1.292397,0.021060,0.351082,0.621826
1755158730821,0.548157,0.862830,0.794380,1.294601,0.017215,0.354927,0.629639
1755158730846,0.550571,0.861140,0.798358,1.296945,0.014801,0.357341,0.654785
1755158730875,0.551972,0.859728,0.802809,1.299349,0.013400,0.358742,0.693115
1755158730900,0.555126,0.857556,0.807464,1.302139,0.010246,0.361896,0.669678
1755158730923,0.556320,0.856488,0.810373,1.303752,0.009052,0.363090,0.684814
1755158730945,0.558477,0.855094,0.812944,1.305358,0.006895,0.365247,0.673828
1755158730971,0.559168,0.854387,0.814988,1.306465,0.006204,0.365938,0.683838
1755158730998,0.561205,0.852863,0.818278,1.308398,0.004166,0.367975,0.695068
1755158731021,0.562791,0.851765,0.820372,1.309675,0.002581,0.369561,0.674072
1755158731048,0.563563,0.850954,0.822639,1.310901,0.001809,0.370333,0.687500
1755158731077,0.565764,0.849499,0.825126,1.312467,-0.000392,0.372534,0.660400
1755158731096,0.563949,0.850196,0.825338,1.312271,0.001422,0.370719,0.673340
1755158731121,0.562583,0.850613,0.825966,1.312350,0.002788,0.369353,0.673096
1755158731147,0.564361,0.849630,0.827107,1.313195,0.001011,0.371131,0.680908
1755158731175,0.562753,0.849948,0.828602,1.313653,0.002619,0.369523,0.663330
1755158731199,0.562489,0.850396,0.827098,1.312882,0.002883,0.369259,0.669922
1755158731224,0.562317,0.850568,0.826647,1.312636,0.003055,0.369087,0.666504
1755158731248,0.562392,0.850697,0.825937,1.312304,0.002980,0.369162,0.648926
1755158731271,0.564080,0.850013,0.825917,1.312573,0.001292,0.370850,0.666504
1755158731298,0.560199,0.852669,0.821049,1.309576,0.005173,0.366969,0.648926
1755158731323,0.558006,0.854050,0.818747,1.308098,0.007366,0.364776,0.671631
1755158731351,0.558175,0.854580,0.815959,1.306772,0.007197,0.364945,0.655029
1755158731375,0.556942,0.855446,0.814189,1.305709,0.008430,0.363712,0.647705
1755158731397,0.556820,0.855998,0.811784,1.304520,0.008552,0.363590,0.657227
1755158731423,0.555119,0.857390,0.808298,1.302544,0.010253,0.361889,0.653809
1755158731449,0.551982,0.859286,0.805019,1.300428,0.013390,0.358752,0.634033
1755158731476,0.548838,0.861378,0.800614,1.297759,0.016534,0.355607,0.648438
1755158731503,0.545735,0.862995,0.798432,1.296180,0.019636,0.352505,0.651611
1755158731525,0.544847,0.863227,0.798996,1.296308,0.020525,0.351617,0.688965
1755158731547,0.542814,0.864805,0.794760,1.293900,0.022558,0.349584,0.649902
1755158731573,0.542305,0.865896,0.789886,1.291430,0.023067,0.349075,0.632324
1755158731598,0.539374,0.867707,0.785941,1.289008,0.025998,0.346144,0.633301
1755158731623,0.533849,0.871416,0.776255,1.283329,0.031523,0.340619,0.551025
1755158731648,0.530486,0.873497,0.771008,1.280182,0.034885,0.337256,0.561035
1755158731681,0.529783,0.874142,0.768549,1.278851,0.035589,0.336553,0.608154
1755158731697,0.527653,0.875640,0.763816,1.276157,0.037719,0.334423,0.570923
1755158731723,0.523119,0.878511,0.755253,1.271157,0.042253,0.329889,0.567871
1755158731753,0.526376,0.876842,0.758807,1.273465,0.038996,0.333146,0.578613
1755158731774,0.525606,0.876834,0.760733,1.274289,0.039766,0.332376,0.617188
1755158731799,0.525548,0.877199,0.758383,1.273116,0.039824,0.332318,0.550049
1755158731826,0.526701,0.875953,0.763997,1.276088,0.038670,0.333471,0.668701
1755158731849,0.530777,0.874356,0.764838,1.277185,0.034595,0.337547,0.659912
1755158731875,0.528337,0.874927,0.766858,1.277775,0.037035,0.335107,0.622070
1755158731900,0.528255,0.875165,0.765506,1.277093,0.037117,0.335025,0.612061
1755158731925,0.527929,0.874983,0.767443,1.277996,0.037443,0.334698,0.571289
1755158731949,0.530082,0.873982,0.768873,1.279062,0.035290,0.336852,0.552856
1755158731976,0.532406,0.872645,0.771970,1.280977,0.032966,0.339175,0.637695
1755158732002,0.531930,0.872792,0.772131,1.280977,0.033441,0.338700,0.633301
1755158732024,0.532100,0.872602,0.772927,1.281397,0.033272,0.338870,0.627441
1755158732050,0.533234,0.871474,0.777261,1.283721,0.032137,0.340004,0.629883
1755158732075,0.536992,0.870014,0.777705,1.284566,0.028380,0.343762,0.583008
1755158732104,0.537723,0.869145,0.781226,1.286419,0.027649,0.344493,0.580811
1755158732127,0.538804,0.868200,0.784352,1.288134,0.026568,0.345574,0.620361
1755158732155,0.540961,0.866666,0.788435,1.290495,0.024411,0.347731,0.597656
1755158732175,0.542232,0.865491,0.792254,1.292577,0.023140,0.349002,0.658691
1755158732202,0.543398,0.864669,0.794300,1.293772,0.021974,0.350168,0.650635
1755158732227,0.547501,0.861899,0.800595,1.297528,0.017871,0.354271,0.656250
1755158732253,0.548985,0.861172,0.801380,1.298157,0.016387,0.355755,0.667725
1755158732277,0.551267,0.860195,0.801837,1.298758,0.014105,0.358037,0.679932
1755158732300,0.553841,0.858570,0.804946,1.300700,0.011530,0.360611,0.663818
1755158732324,0.556251,0.856950,0.808253,1.302709,0.009121,0.363021,0.654785
1755158732352,0.556254,0.856749,0.809228,1.303184,0.009117,0.363024,0.657471
1755158732376,0.557292,0.855545,0.813051,1.305214,0.008079,0.364062,0.652832
1755158732400,0.559337,0.854160,0.815738,1.306857,0.006035,0.366107,0.643555
1755158732427,0.562993,0.852045,0.818707,1.308901,0.002379,0.369763,0.650146
1755158732450,0.560199,0.852256,0.822930,1.310487,0.005173,0.366968,0.657471
1755158732475,0.560944,0.851825,0.823513,1.310892,0.004428,0.367714,0.669434
1755158732503,0.561266,0.851123,0.826080,1.312188,0.004106,0.368036,0.660400
1755158732525,0.562018,0.850939,0.825538,1.312050,0.003354,0.368788,0.660156
1755158732550,0.562682,0.850198,0.827626,1.313169,0.002689,0.369452,0.664062
1755158732576,0.561885,0.851123,0.824957,1.311746,0.003487,0.368655,0.640869
1755158732602,0.560793,0.852108,0.822511,1.310382,0.004579,0.367563,0.636475
1755158732625,0.560848,0.852221,0.821894,1.310092,0.004524,0.367618,0.649414
1755158732652,0.562717,0.851351,0.822402,1.310646,0.002655,0.369487,0.657227
1755158732678,0.562861,0.851740,0.820357,1.309679,0.002511,0.369631,0.661621
1755158732703,0.559165,0.854031,0.816669,1.307281,0.006207,0.365935,0.671875
1755158732731,0.557491,0.855347,0.813620,1.305524,0.007881,0.364261,0.654541
1755158732756,0.554910,0.857226,0.809505,1.303097,0.010462,0.361680,0.648682
1755158732777,0.555808,0.857129,0.808239,1.302629,0.009564,0.362578,0.666992
1755158732802,0.553149,0.858302,0.807638,1.301897,0.012223,0.359919,0.695068
1755158732828,0.550280,0.860250,0.803516,1.299413,0.015092,0.357050,0.672363
1755158732854,0.547786,0.861781,0.800637,1.297596,0.017586,0.354556,0.683594
1755158732878,0.544780,0.863766,0.796302,1.294980,0.020592,0.351550,0.637939
1755158732902,0.546406,0.863744,0.793095,1.293681,0.018966,0.353176,0.666504
1755158732926,0.539547,0.867278,0.787987,1.290041,0.025825,0.346317,0.653320
1755158732951,0.537749,0.869114,0.781352,1.286485,0.027623,0.344519,0.602539
1755158732977,0.533382,0.872012,0.773671,1.281978,0.031990,0.340152,0.592529
1755158733002,0.530909,0.873598,0.769408,1.279463,0.034463,0.337679,0.587891
1755158733027,0.532300,0.873841,0.764591,1.277318,0.033072,0.339070,0.598633
1755158733052,0.525439,0.877145,0.759024,1.273415,0.039933,0.332209,0.574463
1755158733078,0.524369,0.877683,0.757939,1.272699,0.041003,0.331139,0.604004
1755158733102,0.524069,0.877838,0.757600,1.272480,0.041303,0.330839,0.625488
1755158733133,0.524755,0.877192,0.760356,1.273960,0.040617,0.331525,0.651123
1755158733156,0.521493,0.879029,0.755631,1.271073,0.043879,0.328263,0.598145
1755158733181,0.524508,0.877382,0.759664,1.273576,0.040864,0.331278,0.601562
1755158733204,0.524827,0.876907,0.762100,1.274836,0.040545,0.331597,0.620361
1755158733226,0.525138,0.876268,0.765588,1.276613,0.040233,0.331908,0.603271
1755158733253,0.526773,0.875648,0.765825,1.277003,0.038599,0.333543,0.658691
1755158733278,0.526727,0.875203,0.768796,1.278463,0.038645,0.333497,0.592285
1755158733304,0.528333,0.874568,0.769163,1.278913,0.037039,0.335103,0.591797
1755158733334,0.529253,0.873970,0.770843,1.279895,0.036119,0.336023,0.623047
1755158733351,0.530276,0.873107,0.773898,1.281572,0.035096,0.337046,0.588135
1755158733378,0.534157,0.871056,0.777737,1.284109,0.031215,0.340927,0.602539
1755158733404,0.533932,0.870935,0.778948,1.284667,0.031440,0.340702,0.597412
1755158733433,0.535611,0.869817,0.781873,1.286385,0.029761,0.342381,0.588135
1755158733453,0.539460,0.867551,0.786638,1.289365,0.025912,0.346230,0.648682
1755158733479,0.538721,0.867294,0.789614,1.290701,0.026651,0.345491,0.644775
1755158733507,0.543547,0.864521,0.794790,1.294036,0.021825,0.350317,0.648682
1755158733528,0.546741,0.862269,0.800197,1.297208,0.018631,0.353511,0.663330
1755158733553,0.549259,0.860470,0.804408,1.299679,0.016113,0.356029,0.701660
1755158733581,0.550436,0.859926,0.804843,1.300086,0.014936,0.357206,0.674316
1755158733602,0.553156,0.858090,0.808667,1.302399,0.012216,0.359926,0.677979
1755158733629,0.557567,0.855617,0.812183,1.304838,0.007805,0.364337,0.692383
1755158733653,0.558921,0.854628,0.814316,1.306098,0.006451,0.365691,0.676025
1755158733680,0.560968,0.853401,0.816214,1.307357,0.004404,0.367738,0.666748
1755158733706,0.560515,0.852753,0.820076,1.309156,0.004857,0.367285,0.666260
1755158733729,0.562841,0.850888,0.824265,1.311569,0.002531,0.369611,0.668701
1755158733755,0.561731,0.851336,0.824282,1.311394,0.003641,0.368501,0.659668
1755158733779,0.564464,0.849719,0.826522,1.312929,0.000907,0.371234,0.660156
1755158733805,0.561340,0.850644,0.828068,1.313162,0.004032,0.368110,0.653809
1755158733829,0.560240,0.851125,0.827914,1.312907,0.005132,0.367010,0.654053
1755158733856,0.563542,0.849478,0.829250,1.314096,0.001830,0.370312,0.690674
1755158733907,0.564884,0.849065,0.828653,1.314028,0.000488,0.371653,0.697998
1755158733926,0.563161,0.850069,0.827333,1.313106,0.002211,0.369931,0.672363
1755158733945,0.559815,0.851985,0.824851,1.311354,0.005557,0.366585,0.663086
1755158733964,0.558476,0.853005,0.822680,1.310082,0.006896,0.365246,0.654785
1755158733982,0.559675,0.852775,0.821529,1.309722,0.005697,0.366445,0.674561
1755158734006,0.558287,0.853967,0.818613,1.308079,0.007085,0.365057,0.675049
1755158734032,0.558201,0.854348,0.816999,1.307281,0.007171,0.364971,0.681152
1755158734058,0.557265,0.855305,0.814250,1.305792,0.008107,0.364035,0.664062
1755158734080,0.553693,0.857612,0.809971,1.303122,0.011679,0.360463,0.676270
1755158734106,0.553122,0.858101,0.808677,1.302398,0.012250,0.359892,0.692871
1755158734130,0.550942,0.860541,0.800711,1.298155,0.014430,0.357712,0.653564
1755158734155,0.545823,0.862954,0.798469,1.296212,0.019549,0.352593,0.685791
1755158734182,0.544364,0.864255,0.794543,1.294051,0.021008,0.351134,0.662354
1755158734205,0.542053,0.866054,0.789538,1.291217,0.023319,0.348823,0.661133
1755158734232,0.538776,0.868676,0.781668,1.286811,0.026596,0.345546,0.604980
1755158734258,0.533785,0.871065,0.778497,1.284421,0.031587,0.340555,0.605469
1755158734291,0.532102,0.872904,0.771039,1.280467,0.033270,0.338872,0.587158
1755158734312,0.529749,0.874618,0.765564,1.277372,0.035623,0.336519,0.564209
1755158734333,0.531009,0.874357,0.764287,1.276951,0.034363,0.337779,0.586914
1755158734359,0.526464,0.876953,0.757833,1.272997,0.038908,0.333234,0.562988
1755158734382,0.521968,0.879317,0.752399,1.269548,0.043404,0.328738,0.565308
1755158734405,0.520820,0.879615,0.753153,1.269730,0.044552,0.327590,0.604004
1755158734431,0.522354,0.878552,0.756851,1.271822,0.043018,0.329124,0.641602
1755158734457,0.522141,0.878695,0.756374,1.271550,0.043231,0.328911,0.627686
1755158734484,0.523174,0.878587,0.754582,1.270834,0.042198,0.329944,0.617676
1755158734507,0.525462,0.877561,0.756089,1.271965,0.039910,0.332232,0.617676
1755158734534,0.526377,0.876824,0.758934,1.273528,0.038995,0.333147,0.652832
1755158734559,0.530434,0.875156,0.760356,1.274911,0.034938,0.337204,0.618896
1755158734582,0.527567,0.876290,0.759668,1.274091,0.037805,0.334337,0.583984
1755158734607,0.527799,0.875728,0.762885,1.275721,0.037573,0.334569,0.598389
1755158734633,0.527994,0.875218,0.765775,1.277182,0.037378,0.334764,0.594727
1755158734656,0.529878,0.874554,0.765677,1.277449,0.035494,0.336648,0.617676
1755158734683,0.532945,0.872886,0.769218,1.279709,0.032427,0.339715,0.605225
1755158734707,0.535321,0.871205,0.774243,1.282583,0.030051,0.342091,0.612305
1755158734731,0.535923,0.870496,0.777190,1.284135,0.029449,0.342693,0.598389
1755158734758,0.540321,0.868002,0.782219,1.287339,0.025051,0.347091,0.617920
1755158734785,0.542622,0.865874,0.789346,1.291218,0.022750,0.349392,0.670166
1755158734808,0.543622,0.865120,0.791397,1.292388,0.021750,0.350392,0.664551
1755158734834,0.544861,0.864137,0.794158,1.293945,0.020511,0.351631,0.636719
1755158734859,0.548948,0.861384,0.800362,1.297654,0.016424,0.355718,0.687744
1755158734882,0.551512,0.859677,0.803980,1.299843,0.013860,0.358282,0.671143
1755158734907,0.553070,0.858355,0.807530,1.301831,0.012302,0.359840,0.674316
1755158734935,0.556411,0.856314,0.811042,1.304092,0.008961,0.363181,0.670898
1755158734957,0.556499,0.856078,0.812012,1.304579,0.008873,0.363269,0.656738
1755158734983,0.558731,0.854642,0.814611,1.306210,0.006641,0.365501,0.671631
1755158735008,0.559891,0.853997,0.815457,1.306812,0.005481,0.366661,0.656250
1755158735032,0.561977,0.852238,0.819720,1.309225,0.003395,0.368747,0.669189
1755158735062,0.562972,0.851130,0.822934,1.310946,0.002400,0.369742,0.640625
1755158735083,0.563216,0.850396,0.825784,1.312366,0.002156,0.369986,0.647217
1755158735107,0.563733,0.850184,0.825787,1.312453,0.001639,0.370503,0.659180
1755158735135,0.564586,0.849958,0.825238,1.312327,0.000786,0.371356,0.654053
1755158735164,0.564664,0.849659,0.826426,1.312915,0.000708,0.371434,0.656006
1755158735183,0.565956,0.849088,0.826604,1.313214,-0.000585,0.372726,0.651855
1755158735216,0.565576,0.849412,0.825857,1.312790,-0.000204,0.372346,0.644287
1755158735246,0.565579,0.849491,0.825502,1.312619,-0.000207,0.372349,0.636475
1755158735267,0.563785,0.850965,0.822175,1.310712,0.001586,0.370555,0.630859
1755158735285,0.562130,0.852176,0.819719,1.309249,0.003242,0.368900,0.630371
1755158735312,0.560732,0.852842,0.819262,1.308797,0.004640,0.367502,0.655029
1755158735337,0.560214,0.853460,0.817362,1.307790,0.005158,0.366984,0.650391
1755158735360,0.558732,0.854806,0.813829,1.305830,0.006640,0.365502,0.663330
1755158735386,0.555846,0.857231,0.807661,1.302354,0.009525,0.362616,0.675293
1755158735408,0.553357,0.858687,0.805314,1.300799,0.012015,0.360127,0.679199
1755158735433,0.551318,0.859727,0.804111,1.299875,0.014054,0.358088,0.687500
1755158735460,0.549193,0.860574,0.804013,1.299476,0.016179,0.355963,0.685547
1755158735483,0.549813,0.860542,0.802957,1.299064,0.015559,0.356583,0.701660
1755158735509,0.548438,0.862108,0.797629,1.296235,0.016934,0.355208,0.668213
1755158735537,0.545384,0.864344,0.791966,1.292959,0.019988,0.352154,0.667480
1755158735559,0.541492,0.866799,0.786573,1.289671,0.023880,0.348262,0.597168
1755158735585,0.541158,0.867590,0.782781,1.287754,0.024214,0.347928,0.615479
1755158735609,0.537560,0.869718,0.778212,1.284910,0.027812,0.344330,0.583008
1755158735634,0.536839,0.871077,0.771579,1.281524,0.028533,0.343609,0.568848
1755158735659,0.532436,0.873622,0.765690,1.277883,0.032935,0.339206,0.544434
1755158735687,0.533089,0.873733,0.763405,1.276863,0.032283,0.339859,0.598389
1755158735709,0.528025,0.876229,0.758962,1.273818,0.037347,0.334795,0.603027
1755158735734,0.524140,0.878506,0.752719,1.270072,0.041231,0.330910,0.584717
1755158735761,0.525473,0.878022,0.752802,1.270337,0.039899,0.332243,0.579102
1755158735784,0.523873,0.878701,0.752001,1.269670,0.041499,0.330643,0.585938
1755158735810,0.528575,0.876474,0.755908,1.272397,0.036797,0.335345,0.583252
1755158735836,0.530137,0.875667,0.757599,1.273497,0.035235,0.336907,0.619385
1755158735859,0.528655,0.876035,0.758741,1.273814,0.036717,0.335425,0.556396
1755158735886,0.527383,0.876422,0.759219,1.273837,0.037989,0.334153,0.568604
1755158735911,0.527972,0.876013,0.760557,1.274598,0.037400,0.334742,0.561768
1755158735935,0.527896,0.875879,0.761648,1.275126,0.037476,0.334666,0.602295
1755158735961,0.528943,0.875668,0.760532,1.274748,0.036429,0.335712,0.570312
1755158735989,0.528636,0.875778,0.760534,1.274698,0.036736,0.335406,0.569702
1755158736010,0.528579,0.875372,0.763384,1.276098,0.036792,0.335349,0.573486
1755158736036,0.528445,0.875452,0.763178,1.275974,0.036927,0.335215,0.573486
1755158736061,0.532824,0.873946,0.762635,1.276439,0.032547,0.339594,0.552490
1755158736086,0.536715,0.872173,0.764893,1.278206,0.028657,0.343485,0.556641
1755158736110,0.539459,0.869774,0.773599,1.282957,0.025913,0.346229,0.596191
1755158736144,0.542383,0.867757,0.779114,1.286157,0.022989,0.349153,0.615479
1755158736168,0.546549,0.865119,0.785196,1.289837,0.018823,0.353319,0.616943
1755158736190,0.549492,0.863489,0.787971,1.291687,0.015880,0.356262,0.647705
1755158736210,0.548418,0.862838,0.793796,1.294358,0.016953,0.355188,0.688232
1755158736236,0.554801,0.859425,0.798651,1.297790,0.010571,0.361570,0.703613
1755158736261,0.558654,0.856708,0.804693,1.301374,0.006718,0.365424,0.718750
1755158736290,0.562772,0.854311,0.808344,1.303833,0.002599,0.369542,0.745850
1755158736311,0.565672,0.852675,0.810553,1.305387,-0.000300,0.372442,0.705811
1755158736339,0.567703,0.851177,0.813728,1.307265,-0.002331,0.374472,0.697510
1755158736364,0.568764,0.849777,0.818227,1.309622,-0.003392,0.375534,0.729004
1755158736385,0.569988,0.848528,0.821621,1.311468,-0.004616,0.376758,0.721680
1755158736413,0.575337,0.845643,0.824496,1.313742,-0.009965,0.382107,0.725342
1755158736439,0.579123,0.843357,0.827469,1.315804,-0.013752,0.385893,0.717529
1755158736461,0.578534,0.842694,0.831447,1.317626,-0.013162,0.385304,0.707275
1755158736487,0.583874,0.839901,0.833516,1.319504,-0.018502,0.390644,0.724854
1755158736610,0.605117,0.823929,0.858822,1.335141,-0.039745,0.411887,0.744141
1755158736637,0.613546,0.817081,0.869156,1.341451,-0.048174,0.420315,0.743408
1755158736661,0.620733,0.810953,0.878254,1.346954,-0.055361,0.427503,0.736084
1755158736687,0.625769,0.805117,0.889268,1.352996,-0.060397,0.432539,0.731689
1755158736712,0.634290,0.798210,0.897403,1.358232,-0.068918,0.441060,0.718018
1755158736737,0.639562,0.790749,0.911612,1.365782,-0.074190,0.446332,0.751465
1755158736762,0.645908,0.784097,0.921000,1.371221,-0.080536,0.452678,0.734131
1755158736787,0.650626,0.777003,0.933435,1.377805,-0.085254,0.457395,0.716064
1755158736813,0.650503,0.772465,0.945507,1.383416,-0.085131,0.457273,0.668945
1755158736836,0.646744,0.770454,0.955795,1.387595,-0.081372,0.453514,0.656738
1755158736864,0.641156,0.770214,0.963849,1.390437,-0.075784,0.447926,0.635742
1755158736889,0.634451,0.768292,0.976976,1.395451,-0.069080,0.441221,0.622314
1755158736912,0.627769,0.765879,0.990575,1.400679,-0.062397,0.434539,0.629150
1755158736939,0.616145,0.768358,0.998483,1.402490,-0.050773,0.422915,0.612793
1755158736966,0.600937,0.771091,1.009129,1.405008,-0.035565,0.407707,0.582275
1755158736990,0.581848,0.775183,1.019860,1.406972,-0.016476,0.388618,0.576050
1755158737014,0.563976,0.779767,1.027252,1.407605,0.001396,0.370746,0.548828
1755158737038,0.541119,0.785302,1.035982,1.408108,0.024253,0.347889,0.573975
1755158737062,0.522041,0.787719,1.046532,1.410056,0.043331,0.328811,0.553955
1755158737087,0.499804,0.791290,1.055965,1.411030,0.065568,0.306574,0.571045
1755158737115,0.477099,0.794872,1.064331,1.411469,0.088273,0.283869,0.612549
1755158737138,0.454515,0.798349,1.071494,1.411399,0.110857,0.261285,0.645508
1755158737164,0.432285,0.800896,1.078964,1.411548,0.133087,0.239055,0.599609
1755158737189,0.412531,0.799250,1.091790,1.414562,0.152841,0.219300,0.465820
1755158737214,0.397118,0.798549,1.099945,1.416073,0.168254,0.203888,0.654541
1755158737238,0.378490,0.794540,1.114476,1.420072,0.186882,0.185260,0.578125
1755158737265,0.365585,0.793155,1.121508,1.421453,0.199787,0.172355,0.644775
1755158737288,0.351583,0.791670,1.128623,1.422723,0.213789,0.158353,0.697266
1755158737312,0.336894,0.790896,1.134270,1.423229,0.228478,0.143664,0.724121
1755158737341,0.325401,0.789174,1.140179,1.424321,0.239971,0.132171,0.671143
1755158737366,0.314691,0.786997,1.146317,1.425636,0.250681,0.121461,0.686279
1755158737388,0.301297,0.786225,1.150476,1.425667,0.264074,0.108067,0.714600
1755158737416,0.291313,0.786496,1.151991,1.424964,0.274059,0.098083,0.704102
1755158737438,0.287338,0.785268,1.154660,1.425639,0.278034,0.094108,0.613281
1755158737465,0.270286,0.786518,1.155422,1.423610,0.295086,0.077056,0.704590
1755158737492,0.262641,0.785852,1.157522,1.423517,0.302731,0.069411,0.682617
1755158737513,0.256862,0.785310,1.159091,1.423440,0.308510,0.063632,0.683105
1755158737541,0.251379,0.787393,1.156436,1.421451,0.313993,0.058149,0.692383
1755158737567,0.246279,0.787709,1.156468,1.420759,0.319093,0.053049,0.674805
1755158737588,0.239708,0.787477,1.157445,1.420303,0.325664,0.046478,0.671143
1755158737616,0.231989,0.788304,1.156756,1.418917,0.333383,0.038759,0.729492
1755158737643,0.219579,0.789330,1.155888,1.416804,0.345793,0.026349,0.693115
1755158737666,0.206070,0.788456,1.157766,1.415821,0.359302,0.012840,0.758301
1755158737691,0.197144,0.787004,1.160190,1.415726,0.368228,0.003914,0.687500
1755158737716,0.184510,0.787513,1.159334,1.413604,0.380861,-0.008720,0.650879
1755158737740,0.172982,0.786229,1.161037,1.412829,0.392390,-0.020248,0.653076
1755158737764,0.156765,0.784973,1.162144,1.411147,0.408607,-0.036465,0.667236
1755158737795,0.135581,0.786059,1.158592,1.406629,0.429791,-0.057649,0.578369
1755158737815,0.115845,0.783742,1.159739,1.404517,0.449526,-0.077385,0.604004
1755158737840,0.093957,0.782655,1.157835,1.400700,0.471415,-0.099273,0.608398
1755158737869,0.075887,0.780648,1.157320,1.398056,0.489485,-0.117343,0.469482
1755158737892,0.049899,0.777594,1.155754,1.393883,0.515473,-0.143331,0.411987
1755158737916,0.024383,0.768787,1.161946,1.393466,0.540989,-0.168847,0.585693
1755158737946,0.004276,0.764206,1.162263,1.391002,0.561096,-0.188954,0.449707
1755158737965,-0.018620,0.755603,1.166751,1.390176,0.583992,-0.211850,0.587524
1755158737992,-0.045587,0.747463,1.167664,1.387162,0.610959,-0.238817,0.590332
1755158738016,-0.071939,0.737921,1.169463,1.384683,0.637310,-0.265169,0.555420
1755158738041,-0.096550,0.729922,1.168530,1.381148,0.661922,-0.289780,0.525635
1755158738064,-0.112908,0.724499,1.167383,1.378561,0.678280,-0.306138,0.639893
1755158738093,-0.131475,0.717999,1.165907,1.375553,0.696847,-0.324705,0.643311
1755158738116,-0.145039,0.712344,1.165659,1.373765,0.710411,-0.338269,0.657959
1755158738143,-0.160256,0.710506,1.158519,1.368454,0.725627,-0.353486,0.669189
1755158738176,-0.174264,0.709687,1.150205,1.362716,0.739636,-0.367494,0.672363
1755158738191,-0.184753,0.711492,1.140076,1.356513,0.750125,-0.377983,0.686035
1755158738217,-0.192569,0.711440,1.134355,1.352771,0.757941,-0.385799,0.561279
1755158738243,-0.201104,0.714514,1.123109,1.346234,0.766476,-0.394334,0.487305
1755158738270,-0.205612,0.716006,1.117202,1.342789,0.770984,-0.398842,0.508423
1755158738293,-0.211254,0.718247,1.109053,1.338097,0.776626,-0.404484,0.473022
1755158738322,-0.220690,0.720398,1.097552,1.331277,0.786062,-0.413920,0.517090
1755158738343,-0.223684,0.722441,1.091553,1.327947,0.789056,-0.416914,0.673096
1755158738366,-0.226425,0.724298,1.085990,1.324858,0.791796,-0.419655,0.665039
1755158738394,-0.232231,0.727685,1.074846,1.318617,0.797603,-0.425461,0.537354
1755158738416,-0.233404,0.730205,1.069335,1.315733,0.798776,-0.426634,0.637207
1755158738445,-0.237793,0.727949,1.069087,1.315067,0.803165,-0.431023,0.558960
